/D<0> X,/D<0> Y
0,0
1.25e-10,0
2.5e-10,0
3.75e-10,0
5e-10,0
6.25e-10,0
7.5e-10,0
8.75e-10,0
1e-09,0
1.125e-09,0
1.25e-09,0
1.375e-09,0
1.5e-09,0
1.625e-09,0
1.750000000000001e-09,0
1.875000000000001e-09,0
2e-09,0
2.125e-09,1.8
2.25e-09,1.8
2.375e-09,1.8
2.5e-09,1.8
2.625e-09,1.8
2.75e-09,1.8
2.875e-09,1.8
3e-09,1.8
3.124999999999999e-09,1.8
3.249999999999999e-09,1.8
3.374999999999999e-09,1.8
3.499999999999999e-09,1.8
3.624999999999999e-09,1.8
3.749999999999999e-09,1.8
3.874999999999998e-09,1.8
3.999999999999999e-09,1.8
4.125e-09,1.8
4.25e-09,1.8
4.375e-09,1.8
4.500000000000001e-09,1.8
4.625000000000001e-09,1.8
4.750000000000001e-09,1.8
4.875000000000001e-09,1.8
5.000000000000002e-09,1.8
5.125000000000002e-09,1.8
5.250000000000002e-09,1.8
5.375000000000003e-09,1.8
5.500000000000003e-09,1.8
5.625000000000003e-09,1.8
5.750000000000004e-09,1.8
5.875000000000003e-09,1.8
6e-09,1.8
6.125000000000004e-09,0
6.250000000000005e-09,0
6.375000000000005e-09,0
6.500000000000005e-09,0
6.625000000000006e-09,0
6.750000000000006e-09,0
6.875000000000006e-09,0
7.000000000000006e-09,0
7.125000000000007e-09,0
7.250000000000007e-09,0
7.375000000000007e-09,0
7.500000000000008e-09,0
7.625000000000007e-09,0
7.750000000000007e-09,0
7.875000000000006e-09,0
8e-09,0
8.125000000000005e-09,0
8.250000000000004e-09,0
8.375000000000004e-09,0
8.500000000000003e-09,0
8.625000000000003e-09,0
8.750000000000002e-09,0
8.875000000000002e-09,0
9.000000000000001e-09,0
9.125000000000001e-09,0
9.25e-09,0
9.375e-09,0
9.499999999999999e-09,0
9.624999999999999e-09,0
9.749999999999998e-09,0
9.874999999999997e-09,0
9.999999999999997e-09,0
1.0125e-08,0
1.025e-08,0
1.0375e-08,0
1.049999999999999e-08,0
1.062499999999999e-08,0
1.074999999999999e-08,0
1.087499999999999e-08,0
1.099999999999999e-08,0
1.112499999999999e-08,0
1.124999999999999e-08,0
1.137499999999999e-08,0
1.149999999999999e-08,0
1.162499999999999e-08,0
1.174999999999999e-08,0
1.187499999999999e-08,0
1.199999999999999e-08,0
1.212499999999999e-08,0
1.224999999999999e-08,0
1.237499999999999e-08,0
1.249999999999999e-08,0
1.262499999999999e-08,0
1.274999999999999e-08,0
1.287499999999998e-08,0
1.299999999999998e-08,0
1.312499999999998e-08,0
1.324999999999998e-08,0
1.337499999999998e-08,0
1.349999999999998e-08,0
1.362499999999998e-08,0
1.374999999999998e-08,0
1.387499999999998e-08,0
1.399999999999998e-08,0
1.412499999999998e-08,1.8
1.424999999999998e-08,1.8
1.437499999999998e-08,1.8
1.449999999999998e-08,1.8
1.462499999999998e-08,1.8
1.474999999999998e-08,1.8
1.487499999999998e-08,1.8
1.499999999999998e-08,1.8
1.512499999999997e-08,1.8
1.524999999999997e-08,1.8
1.537499999999997e-08,1.8
1.549999999999997e-08,1.8
1.562499999999997e-08,1.8
1.574999999999998e-08,1.8
1.587499999999997e-08,1.8
1.599999999999997e-08,1.8
1.612499999999997e-08,1.8
1.624999999999997e-08,1.8
1.637499999999997e-08,1.8
1.649999999999997e-08,1.8
1.662499999999997e-08,1.8
1.674999999999997e-08,1.8
1.687499999999997e-08,1.8
1.699999999999997e-08,1.8
1.712499999999997e-08,1.8
1.724999999999997e-08,1.8
1.737499999999997e-08,1.8
1.749999999999996e-08,1.8
1.762499999999996e-08,1.8
1.774999999999996e-08,1.8
1.787499999999996e-08,1.8
1.799999999999996e-08,1.8
1.812499999999996e-08,1.8
1.824999999999996e-08,1.8
1.837499999999996e-08,1.8
1.849999999999996e-08,1.8
1.862499999999996e-08,1.8
1.874999999999996e-08,1.8
1.887499999999996e-08,1.8
1.899999999999996e-08,1.8
1.912499999999996e-08,1.8
1.924999999999996e-08,1.8
1.937499999999996e-08,1.8
1.949999999999996e-08,1.8
1.962499999999996e-08,1.8
1.974999999999996e-08,1.8
1.987499999999995e-08,1.8
1.999999999999995e-08,1.8
2.012499999999995e-08,1.8
2.024999999999995e-08,1.8
2.037499999999995e-08,1.8
2.049999999999995e-08,1.8
2.062499999999995e-08,1.8
2.074999999999995e-08,1.8
2.087499999999995e-08,1.8
2.099999999999995e-08,1.8
2.112499999999995e-08,1.8
2.124999999999995e-08,1.8
2.137499999999995e-08,1.8
2.149999999999995e-08,1.8
2.162499999999995e-08,1.8
2.174999999999995e-08,1.8
2.187499999999994e-08,1.8
2.199999999999995e-08,1.8
2.212499999999995e-08,1.8
2.224999999999994e-08,1.8
2.237499999999994e-08,1.8
2.249999999999994e-08,1.8
2.262499999999994e-08,1.8
2.274999999999994e-08,1.8
2.287499999999994e-08,1.8
2.299999999999994e-08,1.8
2.312499999999994e-08,1.8
2.324999999999994e-08,1.8
2.337499999999994e-08,1.8
2.349999999999994e-08,1.8
2.362499999999994e-08,1.8
2.374999999999994e-08,1.8
2.387499999999994e-08,1.8
2.399999999999994e-08,1.8
2.412499999999994e-08,1.8
2.424999999999994e-08,1.8
2.437499999999994e-08,1.8
2.449999999999993e-08,1.8
2.462499999999993e-08,1.8
2.474999999999993e-08,1.8
2.487499999999993e-08,1.8
2.499999999999993e-08,1.8
2.512499999999993e-08,1.8
2.524999999999993e-08,1.8
2.537499999999993e-08,1.8
2.549999999999993e-08,1.8
2.562499999999993e-08,1.8
2.574999999999993e-08,1.8
2.587499999999993e-08,1.8
2.599999999999993e-08,1.8
2.612499999999993e-08,1.8
2.624999999999993e-08,1.8
2.637499999999993e-08,1.8
2.649999999999993e-08,1.8
2.662499999999993e-08,1.8
2.674999999999993e-08,1.8
2.687499999999992e-08,1.8
2.699999999999992e-08,1.8
2.712499999999992e-08,1.8
2.724999999999992e-08,1.8
2.737499999999992e-08,1.8
2.749999999999992e-08,1.8
2.762499999999992e-08,1.8
2.774999999999992e-08,1.8
2.787499999999992e-08,1.8
2.799999999999992e-08,1.8
2.812499999999992e-08,1.8
2.824999999999992e-08,1.8
2.837499999999992e-08,1.8
2.849999999999992e-08,1.8
2.862499999999992e-08,1.8
2.874999999999992e-08,1.8
2.887499999999992e-08,1.8
2.899999999999992e-08,1.8
2.912499999999992e-08,1.8
2.924999999999991e-08,1.8
2.937499999999991e-08,1.8
2.949999999999991e-08,1.8
2.962499999999991e-08,1.8
2.974999999999991e-08,1.8
2.987499999999991e-08,1.8
2.999999999999992e-08,1.8
3.012499999999992e-08,1.8
3.024999999999992e-08,1.8
3.037499999999993e-08,1.8
3.049999999999993e-08,1.8
3.062499999999993e-08,1.8
3.074999999999993e-08,1.8
3.087499999999994e-08,1.8
3.099999999999994e-08,1.8
3.112499999999994e-08,1.8
3.124999999999995e-08,1.8
3.137499999999995e-08,1.8
3.149999999999995e-08,1.8
3.162499999999995e-08,1.8
3.174999999999996e-08,1.8
3.187499999999995e-08,1.8
3.199999999999996e-08,1.8
3.212499999999997e-08,1.8
3.224999999999997e-08,1.8
3.237499999999997e-08,1.8
3.249999999999997e-08,1.8
3.262499999999998e-08,1.8
3.274999999999998e-08,1.8
3.287499999999998e-08,1.8
3.299999999999998e-08,1.8
3.312499999999999e-08,1.8
3.324999999999999e-08,1.8
3.337499999999999e-08,1.8
3.35e-08,1.8
3.3625e-08,1.8
3.375e-08,1.8
3.3875e-08,1.8
3.4e-08,1.8
3.412500000000001e-08,0
3.425000000000001e-08,0
3.437500000000001e-08,0
3.450000000000002e-08,0
3.462500000000002e-08,0
3.475000000000002e-08,0
3.487500000000003e-08,0
3.500000000000003e-08,0
3.512500000000003e-08,0
3.525000000000003e-08,0
3.537500000000004e-08,0
3.550000000000004e-08,0
3.562500000000004e-08,0
3.575000000000005e-08,0
3.587500000000004e-08,0
3.6e-08,0
3.612500000000005e-08,0
3.625000000000006e-08,0
3.637500000000006e-08,0
3.650000000000006e-08,0
3.662500000000006e-08,0
3.675000000000007e-08,0
3.687500000000007e-08,0
3.700000000000007e-08,0
3.712500000000008e-08,0
3.725000000000008e-08,0
3.737500000000008e-08,0
3.750000000000008e-08,0
3.762500000000009e-08,0
3.775000000000009e-08,0
3.787500000000009e-08,0
3.8e-08,0
3.81250000000001e-08,1.8
3.82500000000001e-08,1.8
3.83750000000001e-08,1.8
3.850000000000011e-08,1.8
3.862500000000011e-08,1.8
3.875000000000011e-08,1.8
3.887500000000011e-08,1.8
3.900000000000012e-08,1.8
3.912500000000012e-08,1.8
3.925000000000012e-08,1.8
3.937500000000013e-08,1.8
3.950000000000013e-08,1.8
3.962500000000013e-08,1.8
3.975000000000013e-08,1.8
3.987500000000013e-08,1.8
4.000000000000001e-08,1.8
4.012500000000014e-08,1.8
4.025000000000015e-08,1.8
4.037500000000015e-08,1.8
4.050000000000015e-08,1.8
4.062500000000015e-08,1.8
4.075000000000016e-08,1.8
4.087500000000016e-08,1.8
4.100000000000016e-08,1.8
4.112500000000016e-08,1.8
4.125000000000017e-08,1.8
4.137500000000017e-08,1.8
4.150000000000017e-08,1.8
4.162500000000018e-08,1.8
4.175000000000018e-08,1.8
4.187500000000017e-08,1.8
4.2e-08,1.8
4.212500000000019e-08,1.8
4.225000000000019e-08,1.8
4.237500000000019e-08,1.8
4.25000000000002e-08,1.8
4.26250000000002e-08,1.8
4.27500000000002e-08,1.8
4.28750000000002e-08,1.8
4.300000000000021e-08,1.8
4.312500000000021e-08,1.8
4.325000000000021e-08,1.8
4.337500000000021e-08,1.8
4.350000000000022e-08,1.8
4.362500000000022e-08,1.8
4.375000000000022e-08,1.8
4.387500000000022e-08,1.8
4.4e-08,1.8
4.412500000000023e-08,1.8
4.425000000000023e-08,1.8
4.437500000000024e-08,1.8
4.450000000000024e-08,1.8
4.462500000000024e-08,1.8
4.475000000000025e-08,1.8
4.487500000000025e-08,1.8
4.500000000000025e-08,1.8
4.512500000000025e-08,1.8
4.525000000000026e-08,1.8
4.537500000000026e-08,1.8
4.550000000000026e-08,1.8
4.562500000000026e-08,1.8
4.575000000000027e-08,1.8
4.587500000000026e-08,1.8
4.6e-08,1.8
4.612500000000028e-08,1.8
4.625000000000028e-08,1.8
4.637500000000028e-08,1.8
4.650000000000028e-08,1.8
4.662500000000029e-08,1.8
4.675000000000029e-08,1.8
4.687500000000029e-08,1.8
4.70000000000003e-08,1.8
4.71250000000003e-08,1.8
4.72500000000003e-08,1.8
4.73750000000003e-08,1.8
4.750000000000031e-08,1.8
4.762500000000031e-08,1.8
4.775000000000031e-08,1.8
4.787500000000031e-08,1.8
4.800000000000001e-08,1.8
4.812500000000032e-08,1.8
4.825000000000032e-08,1.8
4.837500000000033e-08,1.8
4.850000000000033e-08,1.8
4.862500000000033e-08,1.8
4.875000000000033e-08,1.8
4.887500000000034e-08,1.8
4.900000000000034e-08,1.8
4.912500000000034e-08,1.8
4.925000000000035e-08,1.8
4.937500000000035e-08,1.8
4.950000000000035e-08,1.8
4.962500000000035e-08,1.8
4.975000000000036e-08,1.8
4.987500000000035e-08,1.8
5e-08,1.8
5.012500000000036e-08,1.8
5.025000000000037e-08,1.8
5.037500000000037e-08,1.8
5.050000000000037e-08,1.8
5.062500000000038e-08,1.8
5.075000000000038e-08,1.8
5.087500000000038e-08,1.8
5.100000000000038e-08,1.8
5.112500000000039e-08,1.8
5.125000000000039e-08,1.8
5.137500000000039e-08,1.8
5.150000000000039e-08,1.8
5.16250000000004e-08,1.8
5.17500000000004e-08,1.8
5.18750000000004e-08,1.8
5.200000000000001e-08,1.8
5.212500000000041e-08,1.8
5.225000000000041e-08,1.8
5.237500000000041e-08,1.8
5.250000000000042e-08,1.8
5.262500000000042e-08,1.8
5.275000000000042e-08,1.8
5.287500000000043e-08,1.8
5.300000000000043e-08,1.8
5.312500000000043e-08,1.8
5.325000000000043e-08,1.8
5.337500000000044e-08,1.8
5.350000000000044e-08,1.8
5.362500000000044e-08,1.8
5.375000000000044e-08,1.8
5.387500000000044e-08,1.8
5.4e-08,1.8
5.412500000000045e-08,0
5.425000000000046e-08,0
5.437500000000046e-08,0
5.450000000000046e-08,0
5.462500000000046e-08,0
5.475000000000047e-08,0
5.487500000000047e-08,0
5.500000000000047e-08,0
5.512500000000048e-08,0
5.525000000000048e-08,0
5.537500000000048e-08,0
5.550000000000048e-08,0
5.562500000000049e-08,0
5.575000000000049e-08,0
5.587500000000049e-08,0
5.600000000000001e-08,0
5.61250000000005e-08,0
5.62500000000005e-08,0
5.63750000000005e-08,0
5.650000000000051e-08,0
5.662500000000051e-08,0
5.675000000000051e-08,0
5.687500000000051e-08,0
5.700000000000052e-08,0
5.712500000000052e-08,0
5.725000000000052e-08,0
5.737500000000053e-08,0
5.750000000000053e-08,0
5.762500000000053e-08,0
5.775000000000053e-08,0
5.787500000000053e-08,0
5.8e-08,0
5.812500000000054e-08,0
5.825000000000054e-08,0
5.837500000000055e-08,0
5.850000000000055e-08,0
5.862500000000055e-08,0
5.875000000000056e-08,0
5.887500000000056e-08,0
5.900000000000056e-08,0
5.912500000000056e-08,0
5.925000000000057e-08,0
5.937500000000057e-08,0
5.950000000000057e-08,0
5.962500000000058e-08,0
5.975000000000057e-08,0
5.987500000000058e-08,0
6.000000000000001e-08,0
6.012500000000056e-08,0
6.025000000000056e-08,0
6.037500000000055e-08,0
6.050000000000055e-08,0
6.062500000000054e-08,0
6.075000000000054e-08,0
6.087500000000054e-08,0
6.100000000000053e-08,0
6.112500000000053e-08,0
6.125000000000053e-08,0
6.137500000000052e-08,0
6.150000000000052e-08,0
6.162500000000051e-08,0
6.175000000000051e-08,0
6.187500000000052e-08,0
6.200000000000001e-08,0
6.21250000000005e-08,1.8
6.225000000000049e-08,1.8
6.237500000000049e-08,1.8
6.250000000000049e-08,1.8
6.262500000000048e-08,1.8
6.275000000000048e-08,1.8
6.287500000000048e-08,1.8
6.300000000000047e-08,1.8
6.312500000000047e-08,1.8
6.325000000000046e-08,1.8
6.337500000000046e-08,1.8
6.350000000000046e-08,1.8
6.362500000000045e-08,1.8
6.375000000000045e-08,1.8
6.387500000000046e-08,1.8
6.4e-08,1.8
6.412500000000044e-08,1.8
6.425000000000043e-08,1.8
6.437500000000043e-08,1.8
6.450000000000043e-08,1.8
6.462500000000042e-08,1.8
6.475000000000042e-08,1.8
6.487500000000041e-08,1.8
6.500000000000041e-08,1.8
6.512500000000041e-08,1.8
6.52500000000004e-08,1.8
6.53750000000004e-08,1.8
6.550000000000039e-08,1.8
6.562500000000039e-08,1.8
6.575000000000039e-08,1.8
6.58750000000004e-08,1.8
6.600000000000001e-08,1.8
6.612500000000038e-08,0
6.625000000000037e-08,0
6.637500000000037e-08,0
6.650000000000036e-08,0
6.662500000000036e-08,0
6.675000000000036e-08,0
6.687500000000035e-08,0
6.700000000000035e-08,0
6.712500000000034e-08,0
6.725000000000034e-08,0
6.737500000000034e-08,0
6.750000000000033e-08,0
6.762500000000033e-08,0
6.775000000000033e-08,0
6.787500000000033e-08,0
6.8e-08,0
6.812500000000031e-08,0
6.825000000000031e-08,0
6.837500000000031e-08,0
6.85000000000003e-08,0
6.86250000000003e-08,0
6.875000000000029e-08,0
6.887500000000029e-08,0
6.900000000000029e-08,0
6.912500000000028e-08,0
6.925000000000028e-08,0
6.937500000000028e-08,0
6.950000000000027e-08,0
6.962500000000027e-08,0
6.975000000000026e-08,0
6.987500000000027e-08,0
7e-08,0
7.012500000000025e-08,1.8
7.025000000000025e-08,1.8
7.037500000000024e-08,1.8
7.050000000000024e-08,1.8
7.062500000000024e-08,1.8
7.075000000000023e-08,1.8
7.087500000000023e-08,1.8
7.100000000000023e-08,1.8
7.112500000000022e-08,1.8
7.125000000000022e-08,1.8
7.137500000000021e-08,1.8
7.150000000000021e-08,1.8
7.162500000000021e-08,1.8
7.17500000000002e-08,1.8
7.187500000000021e-08,1.8
7.2e-08,1.8
7.212500000000019e-08,1.8
7.225000000000019e-08,1.8
7.237500000000018e-08,1.8
7.250000000000018e-08,1.8
7.262500000000018e-08,1.8
7.275000000000017e-08,1.8
7.287500000000017e-08,1.8
7.300000000000016e-08,1.8
7.312500000000016e-08,1.8
7.325000000000016e-08,1.8
7.337500000000015e-08,1.8
7.350000000000015e-08,1.8
7.362500000000014e-08,1.8
7.375000000000014e-08,1.8
7.387500000000015e-08,1.8
7.400000000000001e-08,1.8
7.412500000000013e-08,0
7.425000000000013e-08,0
7.437500000000012e-08,0
7.450000000000012e-08,0
7.462500000000011e-08,0
7.475000000000011e-08,0
7.487500000000011e-08,0
7.50000000000001e-08,0
7.51250000000001e-08,0
7.525000000000009e-08,0
7.537500000000009e-08,0
7.550000000000009e-08,0
7.562500000000008e-08,0
7.575000000000008e-08,0
7.587500000000009e-08,0
7.600000000000001e-08,0
7.612500000000007e-08,0
7.625000000000006e-08,0
7.637500000000006e-08,0
7.650000000000006e-08,0
7.662500000000005e-08,0
7.675000000000005e-08,0
7.687500000000004e-08,0
7.700000000000004e-08,0
7.712500000000004e-08,0
7.725000000000003e-08,0
7.737500000000003e-08,0
7.750000000000003e-08,0
7.762500000000002e-08,0
7.775000000000002e-08,0
7.787500000000003e-08,0
7.800000000000001e-08,0
7.812500000000001e-08,1.8
7.825e-08,1.8
7.8375e-08,1.8
7.849999999999999e-08,1.8
7.862499999999999e-08,1.8
7.874999999999999e-08,1.8
7.887499999999998e-08,1.8
7.899999999999998e-08,1.8
7.912499999999998e-08,1.8
7.924999999999997e-08,1.8
7.937499999999997e-08,1.8
7.949999999999996e-08,1.8
7.962499999999996e-08,1.8
7.974999999999994e-08,1.8
7.987499999999995e-08,1.8
7.999999999999995e-08,1.8
8.012499999999994e-08,1.8
8.024999999999994e-08,1.8
8.037499999999994e-08,1.8
8.049999999999993e-08,1.8
8.062499999999993e-08,1.8
8.074999999999993e-08,1.8
8.087499999999992e-08,1.8
8.099999999999992e-08,1.8
8.112499999999991e-08,1.8
8.124999999999991e-08,1.8
8.137499999999991e-08,1.8
8.14999999999999e-08,1.8
8.16249999999999e-08,1.8
8.174999999999989e-08,1.8
8.18749999999999e-08,1.8
8.199999999999989e-08,1.8
8.212499999999988e-08,0
8.224999999999988e-08,0
8.237499999999988e-08,0
8.249999999999987e-08,0
8.262499999999987e-08,0
8.274999999999986e-08,0
8.287499999999986e-08,0
8.299999999999986e-08,0
8.312499999999985e-08,0
8.324999999999985e-08,0
8.337499999999984e-08,0
8.349999999999984e-08,0
8.362499999999984e-08,0
8.374999999999982e-08,0
8.387499999999983e-08,0
8.399999999999983e-08,0
8.412499999999982e-08,0
8.424999999999982e-08,0
8.437499999999981e-08,0
8.449999999999981e-08,0
8.462499999999981e-08,0
8.47499999999998e-08,0
8.48749999999998e-08,0
8.499999999999979e-08,0
8.512499999999979e-08,0
8.524999999999979e-08,0
8.537499999999978e-08,0
8.549999999999978e-08,0
8.562499999999978e-08,0
8.574999999999977e-08,0
8.587499999999978e-08,0
8.599999999999976e-08,0
8.612499999999976e-08,0
8.624999999999976e-08,0
8.637499999999975e-08,0
8.649999999999975e-08,0
8.662499999999975e-08,0
8.674999999999974e-08,0
8.687499999999974e-08,0
8.699999999999973e-08,0
8.712499999999973e-08,0
8.724999999999973e-08,0
8.737499999999972e-08,0
8.749999999999972e-08,0
8.762499999999971e-08,0
8.774999999999971e-08,0
8.787499999999972e-08,0
8.79999999999997e-08,0
8.81249999999997e-08,0
8.82499999999997e-08,0
8.837499999999969e-08,0
8.849999999999969e-08,0
8.862499999999968e-08,0
8.874999999999968e-08,0
8.887499999999968e-08,0
8.899999999999967e-08,0
8.912499999999967e-08,0
8.924999999999966e-08,0
8.937499999999966e-08,0
8.949999999999966e-08,0
8.962499999999965e-08,0
8.974999999999965e-08,0
8.987499999999966e-08,0
8.999999999999964e-08,0
9.012499999999964e-08,0
9.024999999999963e-08,0
9.037499999999963e-08,0
9.049999999999963e-08,0
9.062499999999962e-08,0
9.074999999999962e-08,0
9.087499999999961e-08,0
9.099999999999961e-08,0
9.112499999999961e-08,0
9.12499999999996e-08,0
9.13749999999996e-08,0
9.14999999999996e-08,0
9.162499999999959e-08,0
9.174999999999959e-08,0
9.18749999999996e-08,0
9.199999999999958e-08,0
9.212499999999958e-08,0
9.224999999999957e-08,0
9.237499999999957e-08,0
9.249999999999956e-08,0
9.262499999999956e-08,0
9.274999999999956e-08,0
9.287499999999955e-08,0
9.299999999999955e-08,0
9.312499999999955e-08,0
9.324999999999954e-08,0
9.337499999999954e-08,0
9.349999999999953e-08,0
9.362499999999953e-08,0
9.374999999999953e-08,0
9.387499999999954e-08,0
9.399999999999952e-08,0
9.412499999999951e-08,1.8
9.424999999999951e-08,1.8
9.437499999999951e-08,1.8
9.44999999999995e-08,1.8
9.46249999999995e-08,1.8
9.47499999999995e-08,1.8
9.487499999999949e-08,1.8
9.499999999999949e-08,1.8
9.512499999999948e-08,1.8
9.524999999999948e-08,1.8
9.537499999999948e-08,1.8
9.549999999999947e-08,1.8
9.562499999999947e-08,1.8
9.574999999999946e-08,1.8
9.587499999999947e-08,1.8
9.599999999999946e-08,1.8
9.612499999999945e-08,1.8
9.624999999999945e-08,1.8
9.637499999999945e-08,1.8
9.649999999999944e-08,1.8
9.662499999999944e-08,1.8
9.674999999999943e-08,1.8
9.687499999999943e-08,1.8
9.699999999999943e-08,1.8
9.712499999999942e-08,1.8
9.724999999999942e-08,1.8
9.737499999999941e-08,1.8
9.749999999999941e-08,1.8
9.762499999999941e-08,1.8
9.77499999999994e-08,1.8
9.787499999999941e-08,1.8
9.79999999999994e-08,1.8
9.812499999999939e-08,0
9.824999999999939e-08,0
9.837499999999938e-08,0
9.849999999999938e-08,0
9.862499999999938e-08,0
9.874999999999937e-08,0
9.887499999999937e-08,0
9.899999999999936e-08,0
9.912499999999936e-08,0
9.924999999999936e-08,0
9.937499999999935e-08,0
9.949999999999935e-08,0
9.962499999999935e-08,0
9.974999999999934e-08,0
9.987499999999935e-08,0
9.999999999999933e-08,0
1.001249999999993e-07,0
1.002499999999993e-07,0
1.003749999999993e-07,0
1.004999999999993e-07,0
1.006249999999993e-07,0
1.007499999999993e-07,0
1.008749999999993e-07,0
1.009999999999993e-07,0
1.011249999999993e-07,0
1.012499999999993e-07,0
1.013749999999993e-07,0
1.014999999999993e-07,0
1.016249999999993e-07,0
1.017499999999993e-07,0
1.018749999999993e-07,0
1.019999999999993e-07,0
1.021249999999993e-07,1.8
1.022499999999993e-07,1.8
1.023749999999993e-07,1.8
1.024999999999993e-07,1.8
1.026249999999993e-07,1.8
1.027499999999992e-07,1.8
1.028749999999992e-07,1.8
1.029999999999992e-07,1.8
1.031249999999992e-07,1.8
1.032499999999992e-07,1.8
1.033749999999992e-07,1.8
1.034999999999992e-07,1.8
1.036249999999992e-07,1.8
1.037499999999992e-07,1.8
1.038749999999992e-07,1.8
1.039999999999992e-07,1.8
1.041249999999992e-07,1.8
1.042499999999992e-07,1.8
1.043749999999992e-07,1.8
1.044999999999992e-07,1.8
1.046249999999992e-07,1.8
1.047499999999992e-07,1.8
1.048749999999992e-07,1.8
1.049999999999992e-07,1.8
1.051249999999992e-07,1.8
1.052499999999992e-07,1.8
1.053749999999992e-07,1.8
1.054999999999992e-07,1.8
1.056249999999992e-07,1.8
1.057499999999992e-07,1.8
1.058749999999992e-07,1.8
1.059999999999991e-07,1.8
1.061249999999991e-07,1.8
1.062499999999991e-07,1.8
1.063749999999991e-07,1.8
1.064999999999991e-07,1.8
1.066249999999991e-07,1.8
1.067499999999991e-07,1.8
1.068749999999991e-07,1.8
1.069999999999991e-07,1.8
1.071249999999991e-07,1.8
1.072499999999991e-07,1.8
1.073749999999991e-07,1.8
1.074999999999991e-07,1.8
1.076249999999991e-07,1.8
1.077499999999991e-07,1.8
1.078749999999991e-07,1.8
1.079999999999991e-07,1.8
1.081249999999991e-07,1.8
1.082499999999991e-07,1.8
1.083749999999991e-07,1.8
1.084999999999991e-07,1.8
1.086249999999991e-07,1.8
1.087499999999991e-07,1.8
1.088749999999991e-07,1.8
1.089999999999991e-07,1.8
1.091249999999991e-07,1.8
1.09249999999999e-07,1.8
1.09374999999999e-07,1.8
1.09499999999999e-07,1.8
1.09624999999999e-07,1.8
1.09749999999999e-07,1.8
1.09874999999999e-07,1.8
1.09999999999999e-07,1.8
1.10124999999999e-07,0
1.10249999999999e-07,0
1.10374999999999e-07,0
1.10499999999999e-07,0
1.10624999999999e-07,0
1.10749999999999e-07,0
1.10874999999999e-07,0
1.10999999999999e-07,0
1.11124999999999e-07,0
1.11249999999999e-07,0
1.11374999999999e-07,0
1.11499999999999e-07,0
1.11624999999999e-07,0
1.11749999999999e-07,0
1.11874999999999e-07,0
1.11999999999999e-07,0
1.12124999999999e-07,0
1.12249999999999e-07,0
1.12374999999999e-07,0
1.124999999999989e-07,0
1.126249999999989e-07,0
1.127499999999989e-07,0
1.128749999999989e-07,0
1.129999999999989e-07,0
1.131249999999989e-07,0
1.132499999999989e-07,0
1.133749999999989e-07,0
1.134999999999989e-07,0
1.136249999999989e-07,0
1.137499999999989e-07,0
1.138749999999989e-07,0
1.139999999999989e-07,0
1.141249999999989e-07,0
1.142499999999989e-07,0
1.143749999999989e-07,0
1.144999999999989e-07,0
1.146249999999989e-07,0
1.147499999999989e-07,0
1.148749999999989e-07,0
1.149999999999989e-07,0
1.151249999999989e-07,0
1.152499999999989e-07,0
1.153749999999989e-07,0
1.154999999999989e-07,0
1.156249999999989e-07,0
1.157499999999988e-07,0
1.158749999999989e-07,0
1.159999999999988e-07,0
1.161249999999988e-07,0
1.162499999999988e-07,0
1.163749999999988e-07,0
1.164999999999988e-07,0
1.166249999999988e-07,0
1.167499999999988e-07,0
1.168749999999988e-07,0
1.169999999999988e-07,0
1.171249999999988e-07,0
1.172499999999988e-07,0
1.173749999999988e-07,0
1.174999999999988e-07,0
1.176249999999988e-07,0
1.177499999999988e-07,0
1.178749999999988e-07,0
1.179999999999988e-07,0
1.181249999999988e-07,1.8
1.182499999999988e-07,1.8
1.183749999999988e-07,1.8
1.184999999999988e-07,1.8
1.186249999999988e-07,1.8
1.187499999999988e-07,1.8
1.188749999999988e-07,1.8
1.189999999999987e-07,1.8
1.191249999999987e-07,1.8
1.192499999999987e-07,1.8
1.193749999999988e-07,1.8
1.194999999999988e-07,1.8
1.196249999999988e-07,1.8
1.197499999999988e-07,1.8
1.198749999999988e-07,1.8
1.199999999999988e-07,1.8
1.201249999999988e-07,1.8
1.202499999999988e-07,1.8
1.203749999999988e-07,1.8
1.204999999999988e-07,1.8
1.206249999999988e-07,1.8
1.207499999999989e-07,1.8
1.208749999999989e-07,1.8
1.209999999999989e-07,1.8
1.211249999999989e-07,1.8
1.212499999999989e-07,1.8
1.213749999999989e-07,1.8
1.214999999999989e-07,1.8
1.216249999999989e-07,1.8
1.217499999999989e-07,1.8
1.218749999999989e-07,1.8
1.219999999999989e-07,1.8
1.22124999999999e-07,1.8
1.22249999999999e-07,1.8
1.22374999999999e-07,1.8
1.22499999999999e-07,1.8
1.22624999999999e-07,1.8
1.22749999999999e-07,1.8
1.22874999999999e-07,1.8
1.22999999999999e-07,1.8
1.23124999999999e-07,1.8
1.23249999999999e-07,1.8
1.233749999999991e-07,1.8
1.234999999999991e-07,1.8
1.236249999999991e-07,1.8
1.237499999999991e-07,1.8
1.238749999999991e-07,1.8
1.239999999999991e-07,1.8
1.241249999999991e-07,1.8
1.242499999999991e-07,1.8
1.243749999999991e-07,1.8
1.244999999999991e-07,1.8
1.246249999999991e-07,1.8
1.247499999999992e-07,1.8
1.248749999999992e-07,1.8
1.249999999999992e-07,1.8
1.251249999999992e-07,1.8
1.252499999999992e-07,1.8
1.253749999999992e-07,1.8
1.254999999999992e-07,1.8
1.256249999999992e-07,1.8
1.257499999999992e-07,1.8
1.258749999999992e-07,1.8
1.259999999999992e-07,1.8
1.261249999999993e-07,1.8
1.262499999999993e-07,1.8
1.263749999999993e-07,1.8
1.264999999999993e-07,1.8
1.266249999999993e-07,1.8
1.267499999999993e-07,1.8
1.268749999999993e-07,1.8
1.269999999999993e-07,1.8
1.271249999999993e-07,1.8
1.272499999999993e-07,1.8
1.273749999999994e-07,1.8
1.274999999999994e-07,1.8
1.276249999999994e-07,1.8
1.277499999999994e-07,1.8
1.278749999999994e-07,1.8
1.279999999999994e-07,1.8
1.281249999999994e-07,1.8
1.282499999999994e-07,1.8
1.283749999999994e-07,1.8
1.284999999999994e-07,1.8
1.286249999999994e-07,1.8
1.287499999999995e-07,1.8
1.288749999999995e-07,1.8
1.289999999999995e-07,1.8
1.291249999999995e-07,1.8
1.292499999999995e-07,1.8
1.293749999999995e-07,1.8
1.294999999999995e-07,1.8
1.296249999999995e-07,1.8
1.297499999999995e-07,1.8
1.298749999999995e-07,1.8
1.299999999999995e-07,1.8
1.301249999999996e-07,0
1.302499999999996e-07,0
1.303749999999996e-07,0
1.304999999999996e-07,0
1.306249999999996e-07,0
1.307499999999996e-07,0
1.308749999999996e-07,0
1.309999999999996e-07,0
1.311249999999996e-07,0
1.312499999999996e-07,0
1.313749999999997e-07,0
1.314999999999997e-07,0
1.316249999999997e-07,0
1.317499999999997e-07,0
1.318749999999997e-07,0
1.319999999999997e-07,0
1.321249999999997e-07,0
1.322499999999997e-07,0
1.323749999999997e-07,0
1.324999999999997e-07,0
1.326249999999997e-07,0
1.327499999999998e-07,0
1.328749999999998e-07,0
1.329999999999998e-07,0
1.331249999999998e-07,0
1.332499999999998e-07,0
1.333749999999998e-07,0
1.334999999999998e-07,0
1.336249999999998e-07,0
1.337499999999998e-07,0
1.338749999999998e-07,0
1.339999999999998e-07,0
1.341249999999999e-07,0
1.342499999999999e-07,0
1.343749999999999e-07,0
1.344999999999999e-07,0
1.346249999999999e-07,0
1.347499999999999e-07,0
1.348749999999999e-07,0
1.349999999999999e-07,0
1.351249999999999e-07,0
1.352499999999999e-07,0
1.35375e-07,0
1.355e-07,0
1.35625e-07,0
1.3575e-07,0
1.35875e-07,0
1.36e-07,0
1.36125e-07,0
1.3625e-07,0
1.36375e-07,0
1.365e-07,0
1.36625e-07,0
1.367500000000001e-07,0
1.368750000000001e-07,0
1.370000000000001e-07,0
1.371250000000001e-07,0
1.372500000000001e-07,0
1.373750000000001e-07,0
1.375000000000001e-07,0
1.376250000000001e-07,0
1.377500000000001e-07,0
1.378750000000001e-07,0
1.38e-07,0
1.381250000000002e-07,0
1.382500000000002e-07,0
1.383750000000002e-07,0
1.385000000000002e-07,0
1.386250000000002e-07,0
1.387500000000002e-07,0
1.388750000000002e-07,0
1.390000000000002e-07,0
1.391250000000002e-07,0
1.392500000000002e-07,0
1.393750000000003e-07,0
1.395000000000003e-07,0
1.396250000000003e-07,0
1.397500000000003e-07,0
1.398750000000003e-07,0
1.4e-07,0
1.401250000000003e-07,0
1.402500000000003e-07,0
1.403750000000003e-07,0
1.405000000000003e-07,0
1.406250000000003e-07,0
1.407500000000004e-07,0
1.408750000000004e-07,0
1.410000000000004e-07,0
1.411250000000004e-07,0
1.412500000000004e-07,0
1.413750000000004e-07,0
1.415000000000004e-07,0
1.416250000000004e-07,0
1.417500000000004e-07,0
1.418750000000004e-07,0
1.42e-07,0
1.421250000000005e-07,0
1.422500000000005e-07,0
1.423750000000005e-07,0
1.425000000000005e-07,0
1.426250000000005e-07,0
1.427500000000005e-07,0
1.428750000000005e-07,0
1.430000000000005e-07,0
1.431250000000005e-07,0
1.432500000000005e-07,0
1.433750000000006e-07,0
1.435000000000006e-07,0
1.436250000000006e-07,0
1.437500000000006e-07,0
1.438750000000006e-07,0
1.44e-07,0
1.441250000000006e-07,0
1.442500000000006e-07,0
1.443750000000006e-07,0
1.445000000000006e-07,0
1.446250000000006e-07,0
1.447500000000007e-07,0
1.448750000000007e-07,0
1.450000000000007e-07,0
1.451250000000007e-07,0
1.452500000000007e-07,0
1.453750000000007e-07,0
1.455000000000007e-07,0
1.456250000000007e-07,0
1.457500000000007e-07,0
1.458750000000007e-07,0
1.46e-07,0
1.461250000000008e-07,1.8
1.462500000000008e-07,1.8
1.463750000000008e-07,1.8
1.465000000000008e-07,1.8
1.466250000000008e-07,1.8
1.467500000000008e-07,1.8
1.468750000000008e-07,1.8
1.470000000000008e-07,1.8
1.471250000000008e-07,1.8
1.472500000000008e-07,1.8
1.473750000000009e-07,1.8
1.475000000000009e-07,1.8
1.476250000000009e-07,1.8
1.477500000000009e-07,1.8
1.478750000000009e-07,1.8
1.48e-07,1.8
1.481250000000009e-07,1.8
1.482500000000009e-07,1.8
1.483750000000009e-07,1.8
1.485000000000009e-07,1.8
1.486250000000009e-07,1.8
1.48750000000001e-07,1.8
1.48875000000001e-07,1.8
1.49000000000001e-07,1.8
1.49125000000001e-07,1.8
1.49250000000001e-07,1.8
1.49375000000001e-07,1.8
1.49500000000001e-07,1.8
1.49625000000001e-07,1.8
1.49750000000001e-07,1.8
1.49875000000001e-07,1.8
1.5e-07,1.8
1.501250000000011e-07,1.8
1.502500000000011e-07,1.8
1.503750000000011e-07,1.8
1.505000000000011e-07,1.8
1.506250000000011e-07,1.8
1.507500000000011e-07,1.8
1.508750000000011e-07,1.8
1.510000000000011e-07,1.8
1.511250000000011e-07,1.8
1.512500000000011e-07,1.8
1.513750000000012e-07,1.8
1.515000000000012e-07,1.8
1.516250000000012e-07,1.8
1.517500000000012e-07,1.8
1.518750000000012e-07,1.8
1.52e-07,1.8
1.521250000000012e-07,1.8
1.522500000000012e-07,1.8
1.523750000000012e-07,1.8
1.525000000000012e-07,1.8
1.526250000000012e-07,1.8
1.527500000000013e-07,1.8
1.528750000000013e-07,1.8
1.530000000000013e-07,1.8
1.531250000000013e-07,1.8
1.532500000000013e-07,1.8
1.533750000000013e-07,1.8
1.535000000000013e-07,1.8
1.536250000000013e-07,1.8
1.537500000000013e-07,1.8
1.538750000000013e-07,1.8
1.54e-07,1.8
1.541250000000014e-07,0
1.542500000000014e-07,0
1.543750000000014e-07,0
1.545000000000014e-07,0
1.546250000000014e-07,0
1.547500000000014e-07,0
1.548750000000014e-07,0
1.550000000000014e-07,0
1.551250000000014e-07,0
1.552500000000014e-07,0
1.553750000000015e-07,0
1.555000000000015e-07,0
1.556250000000015e-07,0
1.557500000000015e-07,0
1.558750000000015e-07,0
1.56e-07,0
1.561250000000015e-07,0
1.562500000000015e-07,0
1.563750000000015e-07,0
1.565000000000015e-07,0
1.566250000000015e-07,0
1.567500000000016e-07,0
1.568750000000016e-07,0
1.570000000000016e-07,0
1.571250000000016e-07,0
1.572500000000016e-07,0
1.573750000000016e-07,0
1.575000000000016e-07,0
1.576250000000016e-07,0
1.577500000000016e-07,0
1.578750000000016e-07,0
1.58e-07,0
1.581250000000017e-07,1.8
1.582500000000017e-07,1.8
1.583750000000017e-07,1.8
1.585000000000017e-07,1.8
1.586250000000017e-07,1.8
1.587500000000017e-07,1.8
1.588750000000017e-07,1.8
1.590000000000017e-07,1.8
1.591250000000017e-07,1.8
1.592500000000017e-07,1.8
1.593750000000018e-07,1.8
1.595000000000018e-07,1.8
1.596250000000018e-07,1.8
1.597500000000018e-07,1.8
1.598750000000018e-07,1.8
1.6e-07,1.8
1.601250000000018e-07,1.8
1.602500000000018e-07,1.8
1.603750000000018e-07,1.8
1.605000000000018e-07,1.8
1.606250000000019e-07,1.8
1.607500000000019e-07,1.8
1.608750000000019e-07,1.8
1.610000000000019e-07,1.8
1.611250000000019e-07,1.8
1.612500000000019e-07,1.8
1.613750000000019e-07,1.8
1.615000000000019e-07,1.8
1.616250000000019e-07,1.8
1.617500000000019e-07,1.8
1.618750000000019e-07,1.8
1.62e-07,1.8
1.62125000000002e-07,0
1.62250000000002e-07,0
1.62375000000002e-07,0
1.62500000000002e-07,0
1.62625000000002e-07,0
1.62750000000002e-07,0
1.62875000000002e-07,0
1.63000000000002e-07,0
1.63125000000002e-07,0
1.63250000000002e-07,0
1.633750000000021e-07,0
1.635000000000021e-07,0
1.636250000000021e-07,0
1.637500000000021e-07,0
1.638750000000021e-07,0
1.64e-07,0
1.641250000000021e-07,0
1.642500000000021e-07,0
1.643750000000021e-07,0
1.645000000000021e-07,0
1.646250000000022e-07,0
1.647500000000022e-07,0
1.648750000000022e-07,0
1.650000000000022e-07,0
1.651250000000022e-07,0
1.652500000000022e-07,0
1.653750000000022e-07,0
1.655000000000022e-07,0
1.656250000000022e-07,0
1.657500000000022e-07,0
1.658750000000022e-07,0
1.66e-07,0
1.661250000000023e-07,0
1.662500000000023e-07,0
1.663750000000023e-07,0
1.665000000000023e-07,0
1.666250000000023e-07,0
1.667500000000023e-07,0
1.668750000000023e-07,0
1.670000000000023e-07,0
1.671250000000023e-07,0
1.672500000000023e-07,0
1.673750000000024e-07,0
1.675000000000024e-07,0
1.676250000000024e-07,0
1.677500000000024e-07,0
1.678750000000024e-07,0
1.68e-07,0
1.681250000000024e-07,0
1.682500000000024e-07,0
1.683750000000024e-07,0
1.685000000000024e-07,0
1.686250000000025e-07,0
1.687500000000025e-07,0
1.688750000000025e-07,0
1.690000000000025e-07,0
1.691250000000025e-07,0
1.692500000000025e-07,0
1.693750000000025e-07,0
1.695000000000025e-07,0
1.696250000000025e-07,0
1.697500000000025e-07,0
1.698750000000025e-07,0
1.7e-07,0
1.701250000000026e-07,1.8
1.702500000000026e-07,1.8
1.703750000000026e-07,1.8
1.705000000000026e-07,1.8
1.706250000000026e-07,1.8
1.707500000000026e-07,1.8
1.708750000000026e-07,1.8
1.710000000000026e-07,1.8
1.711250000000026e-07,1.8
1.712500000000026e-07,1.8
1.713750000000027e-07,1.8
1.715000000000027e-07,1.8
1.716250000000027e-07,1.8
1.717500000000027e-07,1.8
1.718750000000027e-07,1.8
1.72e-07,1.8
1.721250000000027e-07,1.8
1.722500000000027e-07,1.8
1.723750000000027e-07,1.8
1.725000000000027e-07,1.8
1.726250000000028e-07,1.8
1.727500000000028e-07,1.8
1.728750000000028e-07,1.8
1.730000000000028e-07,1.8
1.731250000000028e-07,1.8
1.732500000000028e-07,1.8
1.733750000000028e-07,1.8
1.735000000000028e-07,1.8
1.736250000000028e-07,1.8
1.737500000000028e-07,1.8
1.738750000000028e-07,1.8
1.74e-07,1.8
1.741250000000029e-07,0
1.742500000000029e-07,0
1.743750000000029e-07,0
1.745000000000029e-07,0
1.746250000000029e-07,0
1.747500000000029e-07,0
1.748750000000029e-07,0
1.750000000000029e-07,0
1.751250000000029e-07,0
1.752500000000029e-07,0
1.75375000000003e-07,0
1.75500000000003e-07,0
1.75625000000003e-07,0
1.75750000000003e-07,0
1.75875000000003e-07,0
1.76e-07,0
1.76125000000003e-07,0
1.76250000000003e-07,0
1.76375000000003e-07,0
1.76500000000003e-07,0
1.766250000000031e-07,0
1.767500000000031e-07,0
1.768750000000031e-07,0
1.770000000000031e-07,0
1.771250000000031e-07,0
1.772500000000031e-07,0
1.773750000000031e-07,0
1.775000000000031e-07,0
1.776250000000031e-07,0
1.777500000000031e-07,0
1.778750000000031e-07,0
1.78e-07,0
1.781250000000032e-07,0
1.782500000000032e-07,0
1.783750000000032e-07,0
1.785000000000032e-07,0
1.786250000000032e-07,0
1.787500000000032e-07,0
1.788750000000032e-07,0
1.790000000000032e-07,0
1.791250000000032e-07,0
1.792500000000032e-07,0
1.793750000000033e-07,0
1.795000000000033e-07,0
1.796250000000033e-07,0
1.797500000000033e-07,0
1.798750000000033e-07,0
1.8e-07,0
1.801250000000033e-07,0
1.802500000000033e-07,0
1.803750000000033e-07,0
1.805000000000033e-07,0
1.806250000000034e-07,0
1.807500000000034e-07,0
1.808750000000034e-07,0
1.810000000000034e-07,0
1.811250000000034e-07,0
1.812500000000034e-07,0
1.813750000000034e-07,0
1.815000000000034e-07,0
1.816250000000034e-07,0
1.817500000000034e-07,0
1.818750000000034e-07,0
1.82e-07,0
1.821250000000035e-07,0
1.822500000000035e-07,0
1.823750000000035e-07,0
1.825000000000035e-07,0
1.826250000000035e-07,0
1.827500000000035e-07,0
1.828750000000035e-07,0
1.830000000000035e-07,0
1.831250000000035e-07,0
1.832500000000036e-07,0
1.833750000000036e-07,0
1.835000000000036e-07,0
1.836250000000036e-07,0
1.837500000000036e-07,0
1.838750000000036e-07,0
1.84e-07,0
1.841250000000036e-07,0
1.842500000000036e-07,0
1.843750000000036e-07,0
1.845000000000036e-07,0
1.846250000000037e-07,0
1.847500000000037e-07,0
1.848750000000037e-07,0
1.850000000000037e-07,0
1.851250000000037e-07,0
1.852500000000037e-07,0
1.853750000000037e-07,0
1.855000000000037e-07,0
1.856250000000037e-07,0
1.857500000000037e-07,0
1.858750000000037e-07,0
1.86e-07,0
1.861250000000038e-07,0
1.862500000000038e-07,0
1.863750000000038e-07,0
1.865000000000038e-07,0
1.866250000000038e-07,0
1.867500000000038e-07,0
1.868750000000038e-07,0
1.870000000000038e-07,0
1.871250000000038e-07,0
1.872500000000039e-07,0
1.873750000000039e-07,0
1.875000000000039e-07,0
1.876250000000039e-07,0
1.877500000000039e-07,0
1.878750000000039e-07,0
1.88e-07,0
1.881250000000039e-07,0
1.882500000000039e-07,0
1.883750000000039e-07,0
1.885000000000039e-07,0
1.88625000000004e-07,0
1.88750000000004e-07,0
1.88875000000004e-07,0
1.89000000000004e-07,0
1.89125000000004e-07,0
1.89250000000004e-07,0
1.89375000000004e-07,0
1.89500000000004e-07,0
1.89625000000004e-07,0
1.89750000000004e-07,0
1.89875000000004e-07,0
1.9e-07,0
1.901250000000041e-07,1.8
1.902500000000041e-07,1.8
1.903750000000041e-07,1.8
1.905000000000041e-07,1.8
1.906250000000041e-07,1.8
1.907500000000041e-07,1.8
1.908750000000041e-07,1.8
1.910000000000041e-07,1.8
1.911250000000041e-07,1.8
1.912500000000042e-07,1.8
1.913750000000042e-07,1.8
1.915000000000042e-07,1.8
1.916250000000042e-07,1.8
1.917500000000042e-07,1.8
1.918750000000042e-07,1.8
1.92e-07,1.8
1.921250000000042e-07,1.8
1.922500000000042e-07,1.8
1.923750000000042e-07,1.8
1.925000000000042e-07,1.8
1.926250000000043e-07,1.8
1.927500000000043e-07,1.8
1.928750000000043e-07,1.8
1.930000000000043e-07,1.8
1.931250000000043e-07,1.8
1.932500000000043e-07,1.8
1.933750000000043e-07,1.8
1.935000000000043e-07,1.8
1.936250000000043e-07,1.8
1.937500000000043e-07,1.8
1.938750000000043e-07,1.8
1.94e-07,1.8
1.941250000000044e-07,0
1.942500000000044e-07,0
1.943750000000044e-07,0
1.945000000000044e-07,0
1.946250000000044e-07,0
1.947500000000044e-07,0
1.948750000000044e-07,0
1.950000000000044e-07,0
1.951250000000044e-07,0
1.952500000000045e-07,0
1.953750000000045e-07,0
1.955000000000045e-07,0
1.956250000000045e-07,0
1.957500000000045e-07,0
1.958750000000045e-07,0
1.96e-07,0
1.961250000000045e-07,0
1.962500000000045e-07,0
1.963750000000045e-07,0
1.965000000000045e-07,0
1.966250000000046e-07,0
1.967500000000046e-07,0
1.968750000000046e-07,0
1.970000000000046e-07,0
1.971250000000046e-07,0
1.972500000000046e-07,0
1.973750000000046e-07,0
1.975000000000046e-07,0
1.976250000000046e-07,0
1.977500000000046e-07,0
1.978750000000046e-07,0
1.98e-07,0
1.981250000000047e-07,0
1.982500000000047e-07,0
1.983750000000047e-07,0
1.985000000000047e-07,0
1.986250000000047e-07,0
1.987500000000047e-07,0
1.988750000000047e-07,0
1.990000000000047e-07,0
1.991250000000047e-07,0
1.992500000000048e-07,0
1.993750000000048e-07,0
1.995000000000048e-07,0
1.996250000000048e-07,0
1.997500000000048e-07,0
1.998750000000048e-07,0
2e-07,0
2.001250000000048e-07,0
2.002500000000048e-07,0
2.003750000000048e-07,0
2.005000000000048e-07,0
2.006250000000049e-07,0
2.007500000000049e-07,0
2.008750000000049e-07,0
2.010000000000049e-07,0
2.011250000000049e-07,0
2.012500000000049e-07,0
2.013750000000049e-07,0
2.015000000000049e-07,0
2.016250000000049e-07,0
2.017500000000049e-07,0
2.018750000000049e-07,0
2.02e-07,0
2.02125000000005e-07,0
2.02250000000005e-07,0
2.02375000000005e-07,0
2.02500000000005e-07,0
2.02625000000005e-07,0
2.02750000000005e-07,0
2.02875000000005e-07,0
2.03000000000005e-07,0
2.03125000000005e-07,0
2.032500000000051e-07,0
2.033750000000051e-07,0
2.035000000000051e-07,0
2.036250000000051e-07,0
2.037500000000051e-07,0
2.038750000000051e-07,0
2.04e-07,0
2.041250000000051e-07,0
2.042500000000051e-07,0
2.043750000000051e-07,0
2.045000000000051e-07,0
2.046250000000052e-07,0
2.047500000000052e-07,0
2.048750000000052e-07,0
2.050000000000052e-07,0
2.051250000000052e-07,0
2.052500000000052e-07,0
2.053750000000052e-07,0
2.055000000000052e-07,0
2.056250000000052e-07,0
2.057500000000052e-07,0
2.058750000000052e-07,0
2.06e-07,0
2.061250000000053e-07,0
2.062500000000053e-07,0
2.063750000000053e-07,0
2.065000000000053e-07,0
2.066250000000053e-07,0
2.067500000000053e-07,0
2.068750000000053e-07,0
2.070000000000053e-07,0
2.071250000000053e-07,0
2.072500000000054e-07,0
2.073750000000054e-07,0
2.075000000000054e-07,0
2.076250000000054e-07,0
2.077500000000054e-07,0
2.078750000000054e-07,0
2.08e-07,0
2.081250000000054e-07,0
2.082500000000054e-07,0
2.083750000000054e-07,0
2.085000000000054e-07,0
2.086250000000055e-07,0
2.087500000000055e-07,0
2.088750000000055e-07,0
2.090000000000055e-07,0
2.091250000000055e-07,0
2.092500000000055e-07,0
2.093750000000055e-07,0
2.095000000000055e-07,0
2.096250000000055e-07,0
2.097500000000055e-07,0
2.098750000000056e-07,0
2.1e-07,0
2.101250000000056e-07,1.8
2.102500000000056e-07,1.8
2.103750000000056e-07,1.8
2.105000000000056e-07,1.8
2.106250000000056e-07,1.8
2.107500000000056e-07,1.8
2.108750000000056e-07,1.8
2.110000000000056e-07,1.8
2.111250000000056e-07,1.8
2.112500000000057e-07,1.8
2.113750000000057e-07,1.8
2.115000000000057e-07,1.8
2.116250000000057e-07,1.8
2.117500000000057e-07,1.8
2.118750000000057e-07,1.8
2.12e-07,1.8
2.121250000000057e-07,1.8
2.122500000000057e-07,1.8
2.123750000000057e-07,1.8
2.125000000000057e-07,1.8
2.126250000000058e-07,1.8
2.127500000000058e-07,1.8
2.128750000000058e-07,1.8
2.130000000000058e-07,1.8
2.131250000000058e-07,1.8
2.132500000000058e-07,1.8
2.133750000000058e-07,1.8
2.135000000000058e-07,1.8
2.136250000000058e-07,1.8
2.137500000000058e-07,1.8
2.138750000000059e-07,1.8
2.14e-07,1.8
2.141250000000059e-07,0
2.142500000000059e-07,0
2.143750000000059e-07,0
2.145000000000059e-07,0
2.146250000000059e-07,0
2.147500000000059e-07,0
2.148750000000059e-07,0
2.150000000000059e-07,0
2.151250000000059e-07,0
2.15250000000006e-07,0
2.15375000000006e-07,0
2.15500000000006e-07,0
2.15625000000006e-07,0
2.15750000000006e-07,0
2.15875000000006e-07,0
2.16e-07,0
2.16125000000006e-07,0
2.16250000000006e-07,0
2.16375000000006e-07,0
2.16500000000006e-07,0
2.166250000000061e-07,0
2.167500000000061e-07,0
2.168750000000061e-07,0
2.170000000000061e-07,0
2.171250000000061e-07,0
2.172500000000061e-07,0
2.173750000000061e-07,0
2.175000000000061e-07,0
2.176250000000061e-07,0
2.177500000000061e-07,0
2.178750000000062e-07,0
2.18e-07,0
2.181250000000062e-07,1.8
2.182500000000062e-07,1.8
2.183750000000062e-07,1.8
2.185000000000062e-07,1.8
2.186250000000062e-07,1.8
2.187500000000062e-07,1.8
2.188750000000062e-07,1.8
2.190000000000062e-07,1.8
2.191250000000062e-07,1.8
2.192500000000063e-07,1.8
2.193750000000063e-07,1.8
2.195000000000063e-07,1.8
2.196250000000063e-07,1.8
2.197500000000063e-07,1.8
2.198750000000063e-07,1.8
2.2e-07,1.8
2.201250000000063e-07,1.8
2.202500000000063e-07,1.8
2.203750000000063e-07,1.8
2.205000000000063e-07,1.8
2.206250000000064e-07,1.8
2.207500000000064e-07,1.8
2.208750000000064e-07,1.8
2.210000000000064e-07,1.8
2.211250000000064e-07,1.8
2.212500000000064e-07,1.8
2.213750000000064e-07,1.8
2.215000000000064e-07,1.8
2.216250000000064e-07,1.8
2.217500000000064e-07,1.8
2.218750000000065e-07,1.8
2.22e-07,1.8
2.221250000000065e-07,1.8
2.222500000000065e-07,1.8
2.223750000000065e-07,1.8
2.225000000000065e-07,1.8
2.226250000000065e-07,1.8
2.227500000000065e-07,1.8
2.228750000000065e-07,1.8
2.230000000000065e-07,1.8
2.231250000000065e-07,1.8
2.232500000000066e-07,1.8
2.233750000000066e-07,1.8
2.235000000000066e-07,1.8
2.236250000000066e-07,1.8
2.237500000000066e-07,1.8
2.238750000000066e-07,1.8
2.24e-07,1.8
2.241250000000066e-07,1.8
2.242500000000066e-07,1.8
2.243750000000066e-07,1.8
2.245000000000066e-07,1.8
2.246250000000067e-07,1.8
2.247500000000067e-07,1.8
2.248750000000067e-07,1.8
2.250000000000067e-07,1.8
2.251250000000067e-07,1.8
2.252500000000067e-07,1.8
2.253750000000067e-07,1.8
2.255000000000067e-07,1.8
2.256250000000067e-07,1.8
2.257500000000067e-07,1.8
2.258750000000068e-07,1.8
2.26e-07,1.8
2.261250000000068e-07,0
2.262500000000068e-07,0
2.263750000000068e-07,0
2.265000000000068e-07,0
2.266250000000068e-07,0
2.267500000000068e-07,0
2.268750000000068e-07,0
2.270000000000068e-07,0
2.271250000000068e-07,0
2.272500000000069e-07,0
2.273750000000069e-07,0
2.275000000000069e-07,0
2.276250000000069e-07,0
2.277500000000069e-07,0
2.278750000000069e-07,0
2.28e-07,0
2.281250000000069e-07,0
2.282500000000069e-07,0
2.283750000000069e-07,0
2.285000000000069e-07,0
2.28625000000007e-07,0
2.28750000000007e-07,0
2.28875000000007e-07,0
2.29000000000007e-07,0
2.29125000000007e-07,0
2.29250000000007e-07,0
2.29375000000007e-07,0
2.29500000000007e-07,0
2.29625000000007e-07,0
2.29750000000007e-07,0
2.298750000000071e-07,0
2.3e-07,0
2.301250000000071e-07,0
2.302500000000071e-07,0
2.303750000000071e-07,0
2.305000000000071e-07,0
2.306250000000071e-07,0
2.307500000000071e-07,0
2.308750000000071e-07,0
2.310000000000071e-07,0
2.311250000000071e-07,0
2.312500000000072e-07,0
2.313750000000072e-07,0
2.315000000000072e-07,0
2.316250000000072e-07,0
2.317500000000072e-07,0
2.318750000000072e-07,0
2.32e-07,0
2.321250000000072e-07,0
2.322500000000072e-07,0
2.323750000000072e-07,0
2.325000000000073e-07,0
2.326250000000073e-07,0
2.327500000000073e-07,0
2.328750000000073e-07,0
2.330000000000073e-07,0
2.331250000000073e-07,0
2.332500000000073e-07,0
2.333750000000073e-07,0
2.335000000000073e-07,0
2.336250000000073e-07,0
2.337500000000073e-07,0
2.338750000000074e-07,0
2.34e-07,0
2.341250000000074e-07,1.8
2.342500000000074e-07,1.8
2.343750000000074e-07,1.8
2.345000000000074e-07,1.8
2.346250000000074e-07,1.8
2.347500000000074e-07,1.8
2.348750000000074e-07,1.8
2.350000000000074e-07,1.8
2.351250000000074e-07,1.8
2.352500000000075e-07,1.8
2.353750000000075e-07,1.8
2.355000000000075e-07,1.8
2.356250000000075e-07,1.8
2.357500000000075e-07,1.8
2.358750000000075e-07,1.8
2.36e-07,1.8
2.361250000000075e-07,1.8
2.362500000000075e-07,1.8
2.363750000000075e-07,1.8
2.365000000000076e-07,1.8
2.366250000000076e-07,1.8
2.367500000000076e-07,1.8
2.368750000000076e-07,1.8
2.370000000000076e-07,1.8
2.371250000000076e-07,1.8
2.372500000000076e-07,1.8
2.373750000000076e-07,1.8
2.375000000000076e-07,1.8
2.376250000000076e-07,1.8
2.377500000000076e-07,1.8
2.378750000000077e-07,1.8
2.38e-07,1.8
2.381250000000077e-07,0
2.382500000000077e-07,0
2.383750000000077e-07,0
2.385000000000077e-07,0
2.386250000000077e-07,0
2.387500000000077e-07,0
2.388750000000077e-07,0
2.390000000000077e-07,0
2.391250000000077e-07,0
2.392500000000078e-07,0
2.393750000000078e-07,0
2.395000000000078e-07,0
2.396250000000078e-07,0
2.397500000000078e-07,0
2.398750000000078e-07,0
2.4e-07,0
2.401250000000078e-07,0
2.402500000000078e-07,0
2.403750000000078e-07,0
2.405000000000079e-07,0
2.406250000000079e-07,0
2.407500000000079e-07,0
2.408750000000079e-07,0
2.410000000000079e-07,0
2.411250000000079e-07,0
2.412500000000079e-07,0
2.413750000000079e-07,0
2.415000000000079e-07,0
2.416250000000079e-07,0
2.417500000000079e-07,0
2.418750000000079e-07,0
2.42e-07,0
2.42125000000008e-07,0
2.42250000000008e-07,0
2.42375000000008e-07,0
2.42500000000008e-07,0
2.42625000000008e-07,0
2.42750000000008e-07,0
2.42875000000008e-07,0
2.43000000000008e-07,0
2.43125000000008e-07,0
2.432500000000081e-07,0
2.433750000000081e-07,0
2.435000000000081e-07,0
2.436250000000081e-07,0
2.437500000000081e-07,0
2.438750000000081e-07,0
2.44e-07,0
2.441250000000081e-07,0
2.442500000000081e-07,0
2.443750000000081e-07,0
2.445000000000082e-07,0
2.446250000000082e-07,0
2.447500000000082e-07,0
2.448750000000082e-07,0
2.450000000000082e-07,0
2.451250000000082e-07,0
2.452500000000082e-07,0
2.453750000000082e-07,0
2.455000000000082e-07,0
2.456250000000082e-07,0
2.457500000000082e-07,0
2.458750000000082e-07,0
2.46e-07,0
2.461250000000083e-07,0
2.462500000000083e-07,0
2.463750000000083e-07,0
2.465000000000083e-07,0
2.466250000000083e-07,0
2.467500000000083e-07,0
2.468750000000083e-07,0
2.470000000000083e-07,0
2.471250000000083e-07,0
2.472500000000084e-07,0
2.473750000000084e-07,0
2.475000000000084e-07,0
2.476250000000084e-07,0
2.477500000000084e-07,0
2.478750000000084e-07,0
2.48e-07,0
2.481250000000084e-07,0
2.482500000000084e-07,0
2.483750000000084e-07,0
2.485000000000085e-07,0
2.486250000000085e-07,0
2.487500000000085e-07,0
2.488750000000085e-07,0
2.490000000000085e-07,0
2.491250000000085e-07,0
2.492500000000085e-07,0
2.493750000000085e-07,0
2.495000000000085e-07,0
2.496250000000085e-07,0
2.497500000000085e-07,0
2.498750000000085e-07,0
2.5e-07,0
2.501250000000086e-07,0
2.502500000000086e-07,0
2.503750000000086e-07,0
2.505000000000086e-07,0
2.506250000000086e-07,0
2.507500000000086e-07,0
2.508750000000086e-07,0
2.510000000000086e-07,0
2.511250000000086e-07,0
2.512500000000087e-07,0
2.513750000000087e-07,0
2.515000000000087e-07,0
2.516250000000087e-07,0
2.517500000000087e-07,0
2.518750000000087e-07,0
2.52e-07,0
2.521250000000087e-07,0
2.522500000000087e-07,0
2.523750000000087e-07,0
2.525000000000088e-07,0
2.526250000000088e-07,0
2.527500000000088e-07,0
2.528750000000088e-07,0
2.530000000000088e-07,0
2.531250000000088e-07,0
2.532500000000088e-07,0
2.533750000000088e-07,0
2.535000000000088e-07,0
2.536250000000088e-07,0
2.537500000000088e-07,0
2.538750000000088e-07,0
2.54e-07,0
2.541250000000089e-07,1.8
2.542500000000089e-07,1.8
2.543750000000089e-07,1.8
2.545000000000089e-07,1.8
2.546250000000089e-07,1.8
2.547500000000089e-07,1.8
2.548750000000089e-07,1.8
2.550000000000089e-07,1.8
2.551250000000089e-07,1.8
2.55250000000009e-07,1.8
2.55375000000009e-07,1.8
2.55500000000009e-07,1.8
2.55625000000009e-07,1.8
2.55750000000009e-07,1.8
2.55875000000009e-07,1.8
2.56e-07,1.8
2.56125000000009e-07,1.8
2.56250000000009e-07,1.8
2.56375000000009e-07,1.8
2.565000000000091e-07,1.8
2.566250000000091e-07,1.8
2.567500000000091e-07,1.8
2.568750000000091e-07,1.8
2.570000000000091e-07,1.8
2.571250000000091e-07,1.8
2.572500000000091e-07,1.8
2.573750000000091e-07,1.8
2.575000000000091e-07,1.8
2.576250000000091e-07,1.8
2.577500000000091e-07,1.8
2.578750000000091e-07,1.8
2.58e-07,1.8
2.581250000000092e-07,0
2.582500000000092e-07,0
2.583750000000092e-07,0
2.585000000000092e-07,0
2.586250000000092e-07,0
2.587500000000092e-07,0
2.588750000000092e-07,0
2.590000000000092e-07,0
2.591250000000093e-07,0
2.592500000000093e-07,0
2.593750000000093e-07,0
2.595000000000093e-07,0
2.596250000000093e-07,0
2.597500000000093e-07,0
2.598750000000093e-07,0
2.6e-07,0
2.601250000000093e-07,0
2.602500000000093e-07,0
2.603750000000093e-07,0
2.605000000000094e-07,0
2.606250000000094e-07,0
2.607500000000094e-07,0
2.608750000000094e-07,0
2.610000000000094e-07,0
2.611250000000094e-07,0
2.612500000000094e-07,0
2.613750000000094e-07,0
2.615000000000094e-07,0
2.616250000000094e-07,0
2.617500000000094e-07,0
2.618750000000094e-07,0
2.62e-07,0
2.621250000000095e-07,0
2.622500000000095e-07,0
2.623750000000095e-07,0
2.625000000000095e-07,0
2.626250000000095e-07,0
2.627500000000095e-07,0
2.628750000000095e-07,0
2.630000000000095e-07,0
2.631250000000096e-07,0
2.632500000000096e-07,0
2.633750000000096e-07,0
2.635000000000096e-07,0
2.636250000000096e-07,0
2.637500000000096e-07,0
2.638750000000096e-07,0
2.64e-07,0
2.641250000000096e-07,0
2.642500000000096e-07,0
2.643750000000096e-07,0
2.645000000000097e-07,0
2.646250000000097e-07,0
2.647500000000097e-07,0
2.648750000000097e-07,0
2.650000000000097e-07,0
2.651250000000097e-07,0
2.652500000000097e-07,0
2.653750000000097e-07,0
2.655000000000097e-07,0
2.656250000000097e-07,0
2.657500000000097e-07,0
2.658750000000097e-07,0
2.66e-07,0
2.661250000000098e-07,1.8
2.662500000000098e-07,1.8
2.663750000000098e-07,1.8
2.665000000000098e-07,1.8
2.666250000000098e-07,1.8
2.667500000000098e-07,1.8
2.668750000000098e-07,1.8
2.670000000000098e-07,1.8
2.671250000000099e-07,1.8
2.672500000000099e-07,1.8
2.673750000000099e-07,1.8
2.675000000000099e-07,1.8
2.676250000000099e-07,1.8
2.677500000000099e-07,1.8
2.678750000000099e-07,1.8
2.68e-07,1.8
2.681250000000099e-07,1.8
2.682500000000099e-07,1.8
2.683750000000099e-07,1.8
2.6850000000001e-07,1.8
2.6862500000001e-07,1.8
2.6875000000001e-07,1.8
2.6887500000001e-07,1.8
2.6900000000001e-07,1.8
2.6912500000001e-07,1.8
2.6925000000001e-07,1.8
2.6937500000001e-07,1.8
2.6950000000001e-07,1.8
2.6962500000001e-07,1.8
2.6975000000001e-07,1.8
2.6987500000001e-07,1.8
2.7e-07,1.8
2.701250000000101e-07,1.8
2.702500000000101e-07,1.8
2.703750000000101e-07,1.8
2.705000000000101e-07,1.8
2.706250000000101e-07,1.8
2.707500000000101e-07,1.8
2.708750000000101e-07,1.8
2.710000000000101e-07,1.8
2.711250000000102e-07,1.8
2.712500000000102e-07,1.8
2.713750000000102e-07,1.8
2.715000000000102e-07,1.8
2.716250000000102e-07,1.8
2.717500000000102e-07,1.8
2.718750000000102e-07,1.8
2.72e-07,1.8
2.721250000000102e-07,1.8
2.722500000000102e-07,1.8
2.723750000000102e-07,1.8
2.725000000000103e-07,1.8
2.726250000000103e-07,1.8
2.727500000000103e-07,1.8
2.728750000000103e-07,1.8
2.730000000000103e-07,1.8
2.731250000000103e-07,1.8
2.732500000000103e-07,1.8
2.733750000000103e-07,1.8
2.735000000000103e-07,1.8
2.736250000000103e-07,1.8
2.737500000000103e-07,1.8
2.738750000000103e-07,1.8
2.74e-07,1.8
2.741250000000104e-07,1.8
2.742500000000104e-07,1.8
2.743750000000104e-07,1.8
2.745000000000104e-07,1.8
2.746250000000104e-07,1.8
2.747500000000104e-07,1.8
2.748750000000104e-07,1.8
2.750000000000104e-07,1.8
2.751250000000105e-07,1.8
2.752500000000105e-07,1.8
2.753750000000105e-07,1.8
2.755000000000105e-07,1.8
2.756250000000105e-07,1.8
2.757500000000106e-07,1.8
2.758750000000105e-07,1.8
2.76e-07,1.8
2.761250000000105e-07,1.8
2.762500000000105e-07,1.8
2.763750000000105e-07,1.8
2.765000000000106e-07,1.8
2.766250000000106e-07,1.8
2.767500000000106e-07,1.8
2.768750000000106e-07,1.8
2.770000000000106e-07,1.8
2.771250000000106e-07,1.8
2.772500000000106e-07,1.8
2.773750000000106e-07,1.8
2.775000000000106e-07,1.8
2.776250000000106e-07,1.8
2.777500000000106e-07,1.8
2.778750000000106e-07,1.8
2.78e-07,1.8
2.781250000000107e-07,0
2.782500000000107e-07,0
2.783750000000107e-07,0
2.785000000000107e-07,0
2.786250000000107e-07,0
2.787500000000107e-07,0
2.788750000000107e-07,0
2.790000000000107e-07,0
2.791250000000108e-07,0
2.792500000000108e-07,0
2.793750000000108e-07,0
2.795000000000108e-07,0
2.796250000000108e-07,0
2.797500000000109e-07,0
2.798750000000108e-07,0
2.8e-07,0
2.801250000000108e-07,0
2.802500000000108e-07,0
2.803750000000108e-07,0
2.805000000000109e-07,0
2.806250000000109e-07,0
2.807500000000109e-07,0
2.808750000000109e-07,0
2.810000000000109e-07,0
2.811250000000109e-07,0
2.812500000000109e-07,0
2.813750000000109e-07,0
2.815000000000109e-07,0
2.816250000000109e-07,0
2.81750000000011e-07,0
2.818750000000109e-07,0
2.82e-07,0
2.82125000000011e-07,0
2.82250000000011e-07,0
2.82375000000011e-07,0
2.82500000000011e-07,0
2.82625000000011e-07,0
2.82750000000011e-07,0
2.82875000000011e-07,0
2.83000000000011e-07,0
2.831250000000111e-07,0
2.832500000000111e-07,0
2.833750000000111e-07,0
2.835000000000111e-07,0
2.836250000000111e-07,0
2.837500000000111e-07,0
2.838750000000111e-07,0
2.84e-07,0
2.841250000000111e-07,0
2.842500000000111e-07,0
2.843750000000111e-07,0
2.845000000000112e-07,0
2.846250000000112e-07,0
2.847500000000112e-07,0
2.848750000000112e-07,0
2.850000000000112e-07,0
2.851250000000112e-07,0
2.852500000000112e-07,0
2.853750000000112e-07,0
2.855000000000112e-07,0
2.856250000000112e-07,0
2.857500000000113e-07,0
2.858750000000112e-07,0
2.86e-07,0
2.861250000000113e-07,1.8
2.862500000000113e-07,1.8
2.863750000000113e-07,1.8
2.865000000000113e-07,1.8
2.866250000000113e-07,1.8
2.867500000000113e-07,1.8
2.868750000000113e-07,1.8
2.870000000000113e-07,1.8
2.871250000000114e-07,1.8
2.872500000000114e-07,1.8
2.873750000000114e-07,1.8
2.875000000000114e-07,1.8
2.876250000000114e-07,1.8
2.877500000000115e-07,1.8
2.878750000000114e-07,1.8
2.88e-07,1.8
2.881250000000114e-07,1.8
2.882500000000114e-07,1.8
2.883750000000114e-07,1.8
2.885000000000115e-07,1.8
2.886250000000115e-07,1.8
2.887500000000115e-07,1.8
2.888750000000115e-07,1.8
2.890000000000115e-07,1.8
2.891250000000115e-07,1.8
2.892500000000115e-07,1.8
2.893750000000115e-07,1.8
2.895000000000115e-07,1.8
2.896250000000115e-07,1.8
2.897500000000116e-07,1.8
2.898750000000115e-07,1.8
2.9e-07,1.8
2.901250000000116e-07,1.8
2.902500000000116e-07,1.8
2.903750000000116e-07,1.8
2.905000000000116e-07,1.8
2.906250000000116e-07,1.8
2.907500000000116e-07,1.8
2.908750000000116e-07,1.8
2.910000000000116e-07,1.8
2.911250000000117e-07,1.8
2.912500000000117e-07,1.8
2.913750000000117e-07,1.8
2.915000000000117e-07,1.8
2.916250000000117e-07,1.8
2.917500000000117e-07,1.8
2.918750000000117e-07,1.8
2.92e-07,1.8
2.921250000000117e-07,1.8
2.922500000000117e-07,1.8
2.923750000000117e-07,1.8
2.925000000000118e-07,1.8
2.926250000000118e-07,1.8
2.927500000000118e-07,1.8
2.928750000000118e-07,1.8
2.930000000000118e-07,1.8
2.931250000000118e-07,1.8
2.932500000000118e-07,1.8
2.933750000000118e-07,1.8
2.935000000000118e-07,1.8
2.936250000000118e-07,1.8
2.937500000000119e-07,1.8
2.938750000000118e-07,1.8
2.94e-07,1.8
2.941250000000119e-07,0
2.942500000000119e-07,0
2.943750000000119e-07,0
2.945000000000119e-07,0
2.946250000000119e-07,0
2.947500000000119e-07,0
2.948750000000119e-07,0
2.950000000000119e-07,0
2.95125000000012e-07,0
2.95250000000012e-07,0
2.95375000000012e-07,0
2.95500000000012e-07,0
2.95625000000012e-07,0
2.95750000000012e-07,0
2.95875000000012e-07,0
2.96e-07,0
2.96125000000012e-07,0
2.96250000000012e-07,0
2.96375000000012e-07,0
2.965000000000121e-07,0
2.966250000000121e-07,0
2.967500000000121e-07,0
2.968750000000121e-07,0
2.970000000000121e-07,0
2.971250000000121e-07,0
2.972500000000121e-07,0
2.973750000000121e-07,0
2.975000000000121e-07,0
2.976250000000121e-07,0
2.977500000000122e-07,0
2.978750000000121e-07,0
2.98e-07,0
2.981250000000122e-07,0
2.982500000000122e-07,0
2.983750000000122e-07,0
2.985000000000122e-07,0
2.986250000000122e-07,0
2.987500000000122e-07,0
2.988750000000122e-07,0
2.990000000000122e-07,0
2.991250000000123e-07,0
2.992500000000123e-07,0
2.993750000000123e-07,0
2.995000000000123e-07,0
2.996250000000123e-07,0
2.997500000000123e-07,0
2.998750000000123e-07,0
3e-07,0
3.001250000000123e-07,0
3.002500000000123e-07,0
3.003750000000123e-07,0
3.005000000000124e-07,0
3.006250000000124e-07,0
3.007500000000124e-07,0
3.008750000000124e-07,0
3.010000000000124e-07,0
3.011250000000124e-07,0
3.012500000000124e-07,0
3.013750000000124e-07,0
3.015000000000124e-07,0
3.016250000000124e-07,0
3.017500000000125e-07,0
3.018750000000124e-07,0
3.02e-07,0
3.021250000000125e-07,1.8
3.022500000000125e-07,1.8
3.023750000000125e-07,1.8
3.025000000000125e-07,1.8
3.026250000000125e-07,1.8
3.027500000000125e-07,1.8
3.028750000000125e-07,1.8
3.030000000000125e-07,1.8
3.031250000000126e-07,1.8
3.032500000000126e-07,1.8
3.033750000000126e-07,1.8
3.035000000000126e-07,1.8
3.036250000000126e-07,1.8
3.037500000000126e-07,1.8
3.038750000000126e-07,1.8
3.04e-07,1.8
3.041250000000126e-07,1.8
3.042500000000126e-07,1.8
3.043750000000127e-07,1.8
3.045000000000127e-07,1.8
3.046250000000127e-07,1.8
3.047500000000127e-07,1.8
3.048750000000127e-07,1.8
3.050000000000127e-07,1.8
3.051250000000127e-07,1.8
3.052500000000127e-07,1.8
3.053750000000127e-07,1.8
3.055000000000127e-07,1.8
3.056250000000127e-07,1.8
3.057500000000128e-07,1.8
3.058750000000127e-07,1.8
3.06e-07,1.8
3.061250000000128e-07,0
3.062500000000128e-07,0
3.063750000000128e-07,0
3.065000000000128e-07,0
3.066250000000128e-07,0
3.067500000000128e-07,0
3.068750000000128e-07,0
3.070000000000128e-07,0
3.071250000000129e-07,0
3.072500000000129e-07,0
3.073750000000129e-07,0
3.075000000000129e-07,0
3.076250000000129e-07,0
3.077500000000129e-07,0
3.078750000000129e-07,0
3.08e-07,0
3.081250000000129e-07,0
3.082500000000129e-07,0
3.08375000000013e-07,0
3.08500000000013e-07,0
3.08625000000013e-07,0
3.08750000000013e-07,0
3.08875000000013e-07,0
3.09000000000013e-07,0
3.09125000000013e-07,0
3.09250000000013e-07,0
3.09375000000013e-07,0
3.09500000000013e-07,0
3.09625000000013e-07,0
3.097500000000131e-07,0
3.09875000000013e-07,0
3.1e-07,0
3.101250000000131e-07,1.8
3.102500000000131e-07,1.8
3.103750000000131e-07,1.8
3.105000000000131e-07,1.8
3.106250000000131e-07,1.8
3.107500000000131e-07,1.8
3.108750000000131e-07,1.8
3.110000000000131e-07,1.8
3.111250000000132e-07,1.8
3.112500000000132e-07,1.8
3.113750000000132e-07,1.8
3.115000000000132e-07,1.8
3.116250000000132e-07,1.8
3.117500000000132e-07,1.8
3.118750000000132e-07,1.8
3.12e-07,1.8
3.121250000000132e-07,1.8
3.122500000000132e-07,1.8
3.123750000000133e-07,1.8
3.125000000000133e-07,1.8
3.126250000000133e-07,1.8
3.127500000000133e-07,1.8
3.128750000000133e-07,1.8
3.130000000000133e-07,1.8
3.131250000000133e-07,1.8
3.132500000000133e-07,1.8
3.133750000000133e-07,1.8
3.135000000000133e-07,1.8
3.136250000000133e-07,1.8
3.137500000000134e-07,1.8
3.138750000000133e-07,1.8
3.14e-07,1.8
3.141250000000134e-07,1.8
3.142500000000134e-07,1.8
3.143750000000134e-07,1.8
3.145000000000134e-07,1.8
3.146250000000134e-07,1.8
3.147500000000134e-07,1.8
3.148750000000134e-07,1.8
3.150000000000134e-07,1.8
3.151250000000135e-07,1.8
3.152500000000135e-07,1.8
3.153750000000135e-07,1.8
3.155000000000135e-07,1.8
3.156250000000135e-07,1.8
3.157500000000135e-07,1.8
3.158750000000135e-07,1.8
3.16e-07,1.8
3.161250000000135e-07,1.8
3.162500000000135e-07,1.8
3.163750000000136e-07,1.8
3.165000000000136e-07,1.8
3.166250000000136e-07,1.8
3.167500000000136e-07,1.8
3.168750000000136e-07,1.8
3.170000000000136e-07,1.8
3.171250000000136e-07,1.8
3.172500000000136e-07,1.8
3.173750000000136e-07,1.8
3.175000000000136e-07,1.8
3.176250000000136e-07,1.8
3.177500000000137e-07,1.8
3.178750000000136e-07,1.8
3.18e-07,1.8
3.181250000000137e-07,1.8
3.182500000000137e-07,1.8
3.183750000000137e-07,1.8
3.185000000000137e-07,1.8
3.186250000000137e-07,1.8
3.187500000000137e-07,1.8
3.188750000000137e-07,1.8
3.190000000000137e-07,1.8
3.191250000000138e-07,1.8
3.192500000000138e-07,1.8
3.193750000000138e-07,1.8
3.195000000000138e-07,1.8
3.196250000000138e-07,1.8
3.197500000000138e-07,1.8
3.198750000000138e-07,1.8
3.2e-07,1.8
3.201250000000138e-07,1.8
3.202500000000138e-07,1.8
3.203750000000139e-07,1.8
3.205000000000139e-07,1.8
3.206250000000139e-07,1.8
3.207500000000139e-07,1.8
3.208750000000139e-07,1.8
3.210000000000139e-07,1.8
3.211250000000139e-07,1.8
3.212500000000139e-07,1.8
3.213750000000139e-07,1.8
3.215000000000139e-07,1.8
3.216250000000139e-07,1.8
3.21750000000014e-07,1.8
3.218750000000139e-07,1.8
3.22e-07,1.8
3.22125000000014e-07,1.8
3.22250000000014e-07,1.8
3.22375000000014e-07,1.8
3.22500000000014e-07,1.8
3.22625000000014e-07,1.8
3.22750000000014e-07,1.8
3.22875000000014e-07,1.8
3.23000000000014e-07,1.8
3.231250000000141e-07,1.8
3.232500000000141e-07,1.8
3.233750000000141e-07,1.8
3.235000000000141e-07,1.8
3.236250000000141e-07,1.8
3.237500000000141e-07,1.8
3.238750000000141e-07,1.8
3.24e-07,1.8
3.241250000000141e-07,1.8
3.242500000000141e-07,1.8
3.243750000000142e-07,1.8
3.245000000000142e-07,1.8
3.246250000000142e-07,1.8
3.247500000000142e-07,1.8
3.248750000000142e-07,1.8
3.250000000000142e-07,1.8
3.251250000000142e-07,1.8
3.252500000000142e-07,1.8
3.253750000000142e-07,1.8
3.255000000000142e-07,1.8
3.256250000000142e-07,1.8
3.257500000000143e-07,1.8
3.258750000000142e-07,1.8
3.26e-07,1.8
3.261250000000143e-07,0
3.262500000000143e-07,0
3.263750000000143e-07,0
3.265000000000143e-07,0
3.266250000000143e-07,0
3.267500000000143e-07,0
3.268750000000143e-07,0
3.270000000000143e-07,0
3.271250000000144e-07,0
3.272500000000144e-07,0
3.273750000000144e-07,0
3.275000000000144e-07,0
3.276250000000144e-07,0
3.277500000000144e-07,0
3.278750000000144e-07,0
3.28e-07,0
3.281250000000144e-07,0
3.282500000000144e-07,0
3.283750000000145e-07,0
3.285000000000145e-07,0
3.286250000000145e-07,0
3.287500000000145e-07,0
3.288750000000145e-07,0
3.290000000000145e-07,0
3.291250000000145e-07,0
3.292500000000145e-07,0
3.293750000000145e-07,0
3.295000000000145e-07,0
3.296250000000145e-07,0
3.297500000000146e-07,0
3.298750000000145e-07,0
3.3e-07,0
3.301250000000146e-07,1.8
3.302500000000146e-07,1.8
3.303750000000146e-07,1.8
3.305000000000146e-07,1.8
3.306250000000146e-07,1.8
3.307500000000146e-07,1.8
3.308750000000146e-07,1.8
3.310000000000147e-07,1.8
3.311250000000147e-07,1.8
3.312500000000147e-07,1.8
3.313750000000147e-07,1.8
3.315000000000147e-07,1.8
3.316250000000147e-07,1.8
3.317500000000148e-07,1.8
3.318750000000147e-07,1.8
3.32e-07,1.8
3.321250000000147e-07,1.8
3.322500000000147e-07,1.8
3.323750000000148e-07,1.8
3.325000000000148e-07,1.8
3.326250000000148e-07,1.8
3.327500000000148e-07,1.8
3.328750000000148e-07,1.8
3.330000000000148e-07,1.8
3.331250000000148e-07,1.8
3.332500000000148e-07,1.8
3.333750000000148e-07,1.8
3.335000000000148e-07,1.8
3.336250000000148e-07,1.8
3.337500000000149e-07,1.8
3.338750000000148e-07,1.8
3.34e-07,1.8
3.341250000000149e-07,1.8
3.342500000000149e-07,1.8
3.343750000000149e-07,1.8
3.345000000000149e-07,1.8
3.346250000000149e-07,1.8
3.347500000000149e-07,1.8
3.348750000000149e-07,1.8
3.35000000000015e-07,1.8
3.35125000000015e-07,1.8
3.35250000000015e-07,1.8
3.35375000000015e-07,1.8
3.35500000000015e-07,1.8
3.35625000000015e-07,1.8
3.35750000000015e-07,1.8
3.35875000000015e-07,1.8
3.36e-07,1.8
3.36125000000015e-07,1.8
3.36250000000015e-07,1.8
3.363750000000151e-07,1.8
3.365000000000151e-07,1.8
3.366250000000151e-07,1.8
3.367500000000151e-07,1.8
3.368750000000151e-07,1.8
3.370000000000151e-07,1.8
3.371250000000151e-07,1.8
3.372500000000151e-07,1.8
3.373750000000151e-07,1.8
3.375000000000151e-07,1.8
3.376250000000151e-07,1.8
3.377500000000152e-07,1.8
3.378750000000151e-07,1.8
3.38e-07,1.8
3.381250000000152e-07,1.8
3.382500000000152e-07,1.8
3.383750000000152e-07,1.8
3.385000000000152e-07,1.8
3.386250000000152e-07,1.8
3.387500000000152e-07,1.8
3.388750000000152e-07,1.8
3.390000000000153e-07,1.8
3.391250000000153e-07,1.8
3.392500000000153e-07,1.8
3.393750000000153e-07,1.8
3.395000000000153e-07,1.8
3.396250000000153e-07,1.8
3.397500000000154e-07,1.8
3.398750000000153e-07,1.8
3.4e-07,1.8
3.401250000000153e-07,1.8
3.402500000000153e-07,1.8
3.403750000000154e-07,1.8
3.405000000000154e-07,1.8
3.406250000000154e-07,1.8
3.407500000000154e-07,1.8
3.408750000000154e-07,1.8
3.410000000000154e-07,1.8
3.411250000000154e-07,1.8
3.412500000000154e-07,1.8
3.413750000000154e-07,1.8
3.415000000000154e-07,1.8
3.416250000000154e-07,1.8
3.417500000000155e-07,1.8
3.418750000000154e-07,1.8
3.42e-07,1.8
3.421250000000155e-07,1.8
3.422500000000155e-07,1.8
3.423750000000155e-07,1.8
3.425000000000155e-07,1.8
3.426250000000155e-07,1.8
3.427500000000155e-07,1.8
3.428750000000155e-07,1.8
3.430000000000156e-07,1.8
3.431250000000156e-07,1.8
3.432500000000156e-07,1.8
3.433750000000156e-07,1.8
3.435000000000156e-07,1.8
3.436250000000156e-07,1.8
3.437500000000157e-07,1.8
3.438750000000156e-07,1.8
3.44e-07,1.8
3.441250000000156e-07,1.8
3.442500000000156e-07,1.8
3.443750000000157e-07,1.8
3.445000000000157e-07,1.8
3.446250000000157e-07,1.8
3.447500000000157e-07,1.8
3.448750000000157e-07,1.8
3.450000000000157e-07,1.8
3.451250000000157e-07,1.8
3.452500000000157e-07,1.8
3.453750000000157e-07,1.8
3.455000000000157e-07,1.8
3.456250000000157e-07,1.8
3.457500000000158e-07,1.8
3.458750000000157e-07,1.8
3.46e-07,1.8
3.461250000000158e-07,0
3.462500000000158e-07,0
3.463750000000158e-07,0
3.465000000000158e-07,0
3.466250000000158e-07,0
3.467500000000158e-07,0
3.468750000000158e-07,0
3.470000000000159e-07,0
3.471250000000159e-07,0
3.472500000000159e-07,0
3.473750000000159e-07,0
3.475000000000159e-07,0
3.476250000000159e-07,0
3.477500000000159e-07,0
3.478750000000159e-07,0
3.48e-07,0
3.481250000000159e-07,0
3.482500000000159e-07,0
3.48375000000016e-07,0
3.48500000000016e-07,0
3.48625000000016e-07,0
3.48750000000016e-07,0
3.48875000000016e-07,0
3.49000000000016e-07,0
3.49125000000016e-07,0
3.49250000000016e-07,0
3.49375000000016e-07,0
3.49500000000016e-07,0
3.49625000000016e-07,0
3.497500000000161e-07,0
3.49875000000016e-07,0
3.5e-07,0
3.501250000000161e-07,1.8
3.502500000000161e-07,1.8
3.503750000000161e-07,1.8
3.505000000000161e-07,1.8
3.506250000000161e-07,1.8
3.507500000000161e-07,1.8
3.508750000000161e-07,1.8
3.510000000000162e-07,1.8
3.511250000000162e-07,1.8
3.512500000000162e-07,1.8
3.513750000000162e-07,1.8
3.515000000000162e-07,1.8
3.516250000000162e-07,1.8
3.517500000000162e-07,1.8
3.518750000000162e-07,1.8
3.52e-07,1.8
3.521250000000162e-07,1.8
3.522500000000162e-07,1.8
3.523750000000163e-07,1.8
3.525000000000163e-07,1.8
3.526250000000163e-07,1.8
3.527500000000163e-07,1.8
3.528750000000163e-07,1.8
3.530000000000163e-07,1.8
3.531250000000163e-07,1.8
3.532500000000163e-07,1.8
3.533750000000163e-07,1.8
3.535000000000163e-07,1.8
3.536250000000164e-07,1.8
3.537500000000164e-07,1.8
3.538750000000163e-07,1.8
3.54e-07,1.8
3.541250000000164e-07,1.8
3.542500000000164e-07,1.8
3.543750000000164e-07,1.8
3.545000000000164e-07,1.8
3.546250000000164e-07,1.8
3.547500000000164e-07,1.8
3.548750000000164e-07,1.8
3.550000000000165e-07,1.8
3.551250000000165e-07,1.8
3.552500000000165e-07,1.8
3.553750000000165e-07,1.8
3.555000000000165e-07,1.8
3.556250000000165e-07,1.8
3.557500000000165e-07,1.8
3.558750000000165e-07,1.8
3.56e-07,1.8
3.561250000000165e-07,1.8
3.562500000000165e-07,1.8
3.563750000000166e-07,1.8
3.565000000000166e-07,1.8
3.566250000000166e-07,1.8
3.567500000000166e-07,1.8
3.568750000000166e-07,1.8
3.570000000000166e-07,1.8
3.571250000000166e-07,1.8
3.572500000000166e-07,1.8
3.573750000000166e-07,1.8
3.575000000000166e-07,1.8
3.576250000000167e-07,1.8
3.577500000000167e-07,1.8
3.578750000000166e-07,1.8
3.58e-07,1.8
3.581250000000167e-07,0
3.582500000000167e-07,0
3.583750000000167e-07,0
3.585000000000167e-07,0
3.586250000000167e-07,0
3.587500000000167e-07,0
3.588750000000167e-07,0
3.590000000000168e-07,0
3.591250000000168e-07,0
3.592500000000168e-07,0
3.593750000000168e-07,0
3.595000000000168e-07,0
3.596250000000168e-07,0
3.597500000000168e-07,0
3.598750000000168e-07,0
3.6e-07,0
3.601250000000168e-07,0
3.602500000000168e-07,0
3.603750000000169e-07,0
3.605000000000169e-07,0
3.606250000000169e-07,0
3.607500000000169e-07,0
3.608750000000169e-07,0
3.610000000000169e-07,0
3.611250000000169e-07,0
3.612500000000169e-07,0
3.613750000000169e-07,0
3.615000000000169e-07,0
3.61625000000017e-07,0
3.61750000000017e-07,0
3.618750000000169e-07,0
3.62e-07,0
3.62125000000017e-07,0
3.62250000000017e-07,0
3.62375000000017e-07,0
3.62500000000017e-07,0
3.62625000000017e-07,0
3.62750000000017e-07,0
3.62875000000017e-07,0
3.630000000000171e-07,0
3.631250000000171e-07,0
3.632500000000171e-07,0
3.633750000000171e-07,0
3.635000000000171e-07,0
3.636250000000171e-07,0
3.637500000000171e-07,0
3.638750000000171e-07,0
3.64e-07,0
3.641250000000171e-07,0
3.642500000000171e-07,0
3.643750000000172e-07,0
3.645000000000172e-07,0
3.646250000000172e-07,0
3.647500000000172e-07,0
3.648750000000172e-07,0
3.650000000000172e-07,0
3.651250000000172e-07,0
3.652500000000172e-07,0
3.653750000000172e-07,0
3.655000000000172e-07,0
3.656250000000173e-07,0
3.657500000000173e-07,0
3.658750000000172e-07,0
3.66e-07,0
3.661250000000173e-07,0
3.662500000000173e-07,0
3.663750000000173e-07,0
3.665000000000173e-07,0
3.666250000000173e-07,0
3.667500000000173e-07,0
3.668750000000173e-07,0
3.670000000000174e-07,0
3.671250000000174e-07,0
3.672500000000174e-07,0
3.673750000000174e-07,0
3.675000000000174e-07,0
3.676250000000174e-07,0
3.677500000000174e-07,0
3.678750000000174e-07,0
3.68e-07,0
3.681250000000174e-07,0
3.682500000000174e-07,0
3.683750000000175e-07,0
3.685000000000175e-07,0
3.686250000000175e-07,0
3.687500000000175e-07,0
3.688750000000175e-07,0
3.690000000000175e-07,0
3.691250000000175e-07,0
3.692500000000175e-07,0
3.693750000000175e-07,0
3.695000000000175e-07,0
3.696250000000176e-07,0
3.697500000000176e-07,0
3.698750000000175e-07,0
3.7e-07,0
3.701250000000176e-07,0
3.702500000000176e-07,0
3.703750000000176e-07,0
3.705000000000176e-07,0
3.706250000000176e-07,0
3.707500000000176e-07,0
3.708750000000176e-07,0
3.710000000000177e-07,0
3.711250000000177e-07,0
3.712500000000177e-07,0
3.713750000000177e-07,0
3.715000000000177e-07,0
3.716250000000177e-07,0
3.717500000000177e-07,0
3.718750000000177e-07,0
3.72e-07,0
3.721250000000177e-07,0
3.722500000000177e-07,0
3.723750000000178e-07,0
3.725000000000178e-07,0
3.726250000000178e-07,0
3.727500000000178e-07,0
3.728750000000178e-07,0
3.730000000000178e-07,0
3.731250000000178e-07,0
3.732500000000178e-07,0
3.733750000000178e-07,0
3.735000000000178e-07,0
3.736250000000179e-07,0
3.737500000000179e-07,0
3.738750000000178e-07,0
3.74e-07,0
3.741250000000179e-07,1.8
3.742500000000179e-07,1.8
3.743750000000179e-07,1.8
3.745000000000179e-07,1.8
3.746250000000179e-07,1.8
3.747500000000179e-07,1.8
3.748750000000179e-07,1.8
3.75000000000018e-07,1.8
3.75125000000018e-07,1.8
3.75250000000018e-07,1.8
3.75375000000018e-07,1.8
3.75500000000018e-07,1.8
3.75625000000018e-07,1.8
3.75750000000018e-07,1.8
3.75875000000018e-07,1.8
3.76e-07,1.8
3.76125000000018e-07,1.8
3.76250000000018e-07,1.8
3.763750000000181e-07,1.8
3.765000000000181e-07,1.8
3.766250000000181e-07,1.8
3.767500000000181e-07,1.8
3.768750000000181e-07,1.8
3.770000000000181e-07,1.8
3.771250000000181e-07,1.8
3.772500000000181e-07,1.8
3.773750000000181e-07,1.8
3.775000000000181e-07,1.8
3.776250000000182e-07,1.8
3.777500000000182e-07,1.8
3.778750000000181e-07,1.8
3.78e-07,1.8
3.781250000000182e-07,1.8
3.782500000000182e-07,1.8
3.783750000000182e-07,1.8
3.785000000000182e-07,1.8
3.786250000000182e-07,1.8
3.787500000000182e-07,1.8
3.788750000000182e-07,1.8
3.790000000000183e-07,1.8
3.791250000000183e-07,1.8
3.792500000000183e-07,1.8
3.793750000000183e-07,1.8
3.795000000000183e-07,1.8
3.796250000000183e-07,1.8
3.797500000000183e-07,1.8
3.798750000000183e-07,1.8
3.8e-07,1.8
3.801250000000183e-07,1.8
3.802500000000184e-07,1.8
3.803750000000184e-07,1.8
3.805000000000184e-07,1.8
3.806250000000184e-07,1.8
3.807500000000184e-07,1.8
3.808750000000184e-07,1.8
3.810000000000184e-07,1.8
3.811250000000184e-07,1.8
3.812500000000184e-07,1.8
3.813750000000184e-07,1.8
3.815000000000184e-07,1.8
3.816250000000185e-07,1.8
3.817500000000185e-07,1.8
3.818750000000184e-07,1.8
3.82e-07,1.8
3.821250000000185e-07,0
3.822500000000185e-07,0
3.823750000000185e-07,0
3.825000000000185e-07,0
3.826250000000185e-07,0
3.827500000000185e-07,0
3.828750000000185e-07,0
3.830000000000186e-07,0
3.831250000000186e-07,0
3.832500000000186e-07,0
3.833750000000186e-07,0
3.835000000000186e-07,0
3.836250000000186e-07,0
3.837500000000186e-07,0
3.838750000000186e-07,0
3.84e-07,0
3.841250000000186e-07,0
3.842500000000187e-07,0
3.843750000000187e-07,0
3.845000000000187e-07,0
3.846250000000187e-07,0
3.847500000000187e-07,0
3.848750000000187e-07,0
3.850000000000187e-07,0
3.851250000000187e-07,0
3.852500000000187e-07,0
3.853750000000187e-07,0
3.855000000000187e-07,0
3.856250000000188e-07,0
3.857500000000188e-07,0
3.858750000000187e-07,0
3.86e-07,0
3.861250000000188e-07,1.8
3.862500000000188e-07,1.8
3.863750000000188e-07,1.8
3.865000000000188e-07,1.8
3.866250000000188e-07,1.8
3.867500000000188e-07,1.8
3.868750000000188e-07,1.8
3.870000000000189e-07,1.8
3.871250000000189e-07,1.8
3.872500000000189e-07,1.8
3.873750000000189e-07,1.8
3.875000000000189e-07,1.8
3.876250000000189e-07,1.8
3.877500000000189e-07,1.8
3.878750000000189e-07,1.8
3.88e-07,1.8
3.881250000000189e-07,1.8
3.88250000000019e-07,1.8
3.88375000000019e-07,1.8
3.88500000000019e-07,1.8
3.88625000000019e-07,1.8
3.88750000000019e-07,1.8
3.88875000000019e-07,1.8
3.89000000000019e-07,1.8
3.89125000000019e-07,1.8
3.89250000000019e-07,1.8
3.89375000000019e-07,1.8
3.89500000000019e-07,1.8
3.896250000000191e-07,1.8
3.897500000000191e-07,1.8
3.89875000000019e-07,1.8
3.9e-07,1.8
3.901250000000191e-07,0
3.902500000000191e-07,0
3.903750000000191e-07,0
3.905000000000191e-07,0
3.906250000000191e-07,0
3.907500000000191e-07,0
3.908750000000191e-07,0
3.910000000000192e-07,0
3.911250000000192e-07,0
3.912500000000192e-07,0
3.913750000000192e-07,0
3.915000000000192e-07,0
3.916250000000192e-07,0
3.917500000000192e-07,0
3.918750000000192e-07,0
3.92e-07,0
3.921250000000192e-07,0
3.922500000000193e-07,0
3.923750000000193e-07,0
3.925000000000193e-07,0
3.926250000000193e-07,0
3.927500000000193e-07,0
3.928750000000193e-07,0
3.930000000000193e-07,0
3.931250000000193e-07,0
3.932500000000193e-07,0
3.933750000000193e-07,0
3.935000000000193e-07,0
3.936250000000194e-07,0
3.937500000000194e-07,0
3.938750000000193e-07,0
3.94e-07,0
3.941250000000194e-07,0
3.942500000000194e-07,0
3.943750000000194e-07,0
3.945000000000194e-07,0
3.946250000000194e-07,0
3.947500000000194e-07,0
3.948750000000194e-07,0
3.950000000000195e-07,0
3.951250000000195e-07,0
3.952500000000195e-07,0
3.953750000000195e-07,0
3.955000000000195e-07,0
3.956250000000195e-07,0
3.957500000000195e-07,0
3.958750000000195e-07,0
3.96e-07,0
3.961250000000195e-07,0
3.962500000000196e-07,0
3.963750000000196e-07,0
3.965000000000196e-07,0
3.966250000000196e-07,0
3.967500000000196e-07,0
3.968750000000196e-07,0
3.970000000000196e-07,0
3.971250000000196e-07,0
3.972500000000196e-07,0
3.973750000000196e-07,0
3.975000000000196e-07,0
3.976250000000197e-07,0
3.977500000000197e-07,0
3.978750000000196e-07,0
3.98e-07,0
3.981250000000197e-07,0
3.982500000000197e-07,0
3.983750000000197e-07,0
3.985000000000197e-07,0
3.986250000000197e-07,0
3.987500000000197e-07,0
3.988750000000197e-07,0
3.990000000000198e-07,0
3.991250000000198e-07,0
3.992500000000198e-07,0
3.993750000000198e-07,0
3.995000000000198e-07,0
3.996250000000198e-07,0
3.997500000000198e-07,0
3.998750000000198e-07,0
4e-07,0
4.001250000000198e-07,0
4.002500000000199e-07,0
4.003750000000199e-07,0
4.005000000000199e-07,0
4.006250000000199e-07,0
4.007500000000199e-07,0
4.008750000000199e-07,0
4.010000000000199e-07,0
4.011250000000199e-07,0
4.012500000000199e-07,0
4.013750000000199e-07,0
4.015000000000199e-07,0
4.0162500000002e-07,0
4.0175000000002e-07,0
4.018750000000199e-07,0
4.02e-07,0
4.0212500000002e-07,1.8
4.0225000000002e-07,1.8
4.0237500000002e-07,1.8
4.0250000000002e-07,1.8
4.0262500000002e-07,1.8
4.0275000000002e-07,1.8
4.028750000000201e-07,1.8
4.030000000000201e-07,1.8
4.031250000000201e-07,1.8
4.032500000000201e-07,1.8
4.033750000000201e-07,1.8
4.035000000000201e-07,1.8
4.036250000000201e-07,1.8
4.037500000000202e-07,1.8
4.038750000000201e-07,1.8
4.04e-07,1.8
4.041250000000201e-07,1.8
4.042500000000202e-07,1.8
4.043750000000202e-07,1.8
4.045000000000202e-07,1.8
4.046250000000202e-07,1.8
4.047500000000202e-07,1.8
4.048750000000202e-07,1.8
4.050000000000202e-07,1.8
4.051250000000202e-07,1.8
4.052500000000202e-07,1.8
4.053750000000202e-07,1.8
4.055000000000202e-07,1.8
4.056250000000203e-07,1.8
4.057500000000203e-07,1.8
4.058750000000202e-07,1.8
4.06e-07,1.8
4.061250000000203e-07,1.8
4.062500000000203e-07,1.8
4.063750000000203e-07,1.8
4.065000000000203e-07,1.8
4.066250000000203e-07,1.8
4.067500000000203e-07,1.8
4.068750000000204e-07,1.8
4.070000000000204e-07,1.8
4.071250000000204e-07,1.8
4.072500000000204e-07,1.8
4.073750000000204e-07,1.8
4.075000000000204e-07,1.8
4.076250000000204e-07,1.8
4.077500000000205e-07,1.8
4.078750000000204e-07,1.8
4.08e-07,1.8
4.081250000000204e-07,1.8
4.082500000000205e-07,1.8
4.083750000000205e-07,1.8
4.085000000000205e-07,1.8
4.086250000000205e-07,1.8
4.087500000000205e-07,1.8
4.088750000000205e-07,1.8
4.090000000000205e-07,1.8
4.091250000000205e-07,1.8
4.092500000000205e-07,1.8
4.093750000000205e-07,1.8
4.095000000000205e-07,1.8
4.096250000000206e-07,1.8
4.097500000000206e-07,1.8
4.098750000000205e-07,1.8
4.1e-07,1.8
4.101250000000206e-07,0
4.102500000000206e-07,0
4.103750000000206e-07,0
4.105000000000206e-07,0
4.106250000000206e-07,0
4.107500000000206e-07,0
4.108750000000207e-07,0
4.110000000000207e-07,0
4.111250000000207e-07,0
4.112500000000207e-07,0
4.113750000000207e-07,0
4.115000000000207e-07,0
4.116250000000207e-07,0
4.117500000000208e-07,0
4.118750000000207e-07,0
4.12e-07,0
4.121250000000207e-07,0
4.122500000000208e-07,0
4.123750000000208e-07,0
4.125000000000208e-07,0
4.126250000000208e-07,0
4.127500000000208e-07,0
4.128750000000208e-07,0
4.130000000000208e-07,0
4.131250000000208e-07,0
4.132500000000208e-07,0
4.133750000000208e-07,0
4.135000000000208e-07,0
4.136250000000209e-07,0
4.137500000000209e-07,0
4.138750000000208e-07,0
4.14e-07,0
4.141250000000209e-07,0
4.142500000000209e-07,0
4.143750000000209e-07,0
4.145000000000209e-07,0
4.146250000000209e-07,0
4.147500000000209e-07,0
4.14875000000021e-07,0
4.15000000000021e-07,0
4.15125000000021e-07,0
4.15250000000021e-07,0
4.15375000000021e-07,0
4.15500000000021e-07,0
4.15625000000021e-07,0
4.15750000000021e-07,0
4.15875000000021e-07,0
4.16e-07,0
4.16125000000021e-07,0
4.162500000000211e-07,0
4.163750000000211e-07,0
4.165000000000211e-07,0
4.166250000000211e-07,0
4.167500000000211e-07,0
4.168750000000211e-07,0
4.170000000000211e-07,0
4.171250000000211e-07,0
4.172500000000211e-07,0
4.173750000000211e-07,0
4.175000000000211e-07,0
4.176250000000212e-07,0
4.177500000000212e-07,0
4.178750000000211e-07,0
4.18e-07,0
4.181250000000212e-07,1.8
4.182500000000212e-07,1.8
4.183750000000212e-07,1.8
4.185000000000212e-07,1.8
4.186250000000212e-07,1.8
4.187500000000212e-07,1.8
4.188750000000213e-07,1.8
4.190000000000213e-07,1.8
4.191250000000213e-07,1.8
4.192500000000213e-07,1.8
4.193750000000213e-07,1.8
4.195000000000213e-07,1.8
4.196250000000213e-07,1.8
4.197500000000213e-07,1.8
4.198750000000213e-07,1.8
4.2e-07,1.8
4.201250000000213e-07,1.8
4.202500000000214e-07,1.8
4.203750000000214e-07,1.8
4.205000000000214e-07,1.8
4.206250000000214e-07,1.8
4.207500000000214e-07,1.8
4.208750000000214e-07,1.8
4.210000000000214e-07,1.8
4.211250000000214e-07,1.8
4.212500000000214e-07,1.8
4.213750000000214e-07,1.8
4.215000000000214e-07,1.8
4.216250000000215e-07,1.8
4.217500000000215e-07,1.8
4.218750000000214e-07,1.8
4.22e-07,1.8
4.221250000000215e-07,0
4.222500000000215e-07,0
4.223750000000215e-07,0
4.225000000000215e-07,0
4.226250000000215e-07,0
4.227500000000215e-07,0
4.228750000000216e-07,0
4.230000000000216e-07,0
4.231250000000216e-07,0
4.232500000000216e-07,0
4.233750000000216e-07,0
4.235000000000216e-07,0
4.236250000000216e-07,0
4.237500000000216e-07,0
4.238750000000216e-07,0
4.24e-07,0
4.241250000000216e-07,0
4.242500000000217e-07,0
4.243750000000217e-07,0
4.245000000000217e-07,0
4.246250000000217e-07,0
4.247500000000217e-07,0
4.248750000000217e-07,0
4.250000000000217e-07,0
4.251250000000217e-07,0
4.252500000000217e-07,0
4.253750000000217e-07,0
4.255000000000218e-07,0
4.256250000000218e-07,0
4.257500000000218e-07,0
4.258750000000217e-07,0
4.26e-07,0
4.261250000000218e-07,1.8
4.262500000000218e-07,1.8
4.263750000000218e-07,1.8
4.265000000000218e-07,1.8
4.266250000000218e-07,1.8
4.267500000000218e-07,1.8
4.268750000000219e-07,1.8
4.270000000000219e-07,1.8
4.271250000000219e-07,1.8
4.272500000000219e-07,1.8
4.273750000000219e-07,1.8
4.275000000000219e-07,1.8
4.276250000000219e-07,1.8
4.277500000000219e-07,1.8
4.278750000000219e-07,1.8
4.28e-07,1.8
4.281250000000219e-07,1.8
4.28250000000022e-07,1.8
4.28375000000022e-07,1.8
4.28500000000022e-07,1.8
4.28625000000022e-07,1.8
4.28750000000022e-07,1.8
4.28875000000022e-07,1.8
4.29000000000022e-07,1.8
4.29125000000022e-07,1.8
4.29250000000022e-07,1.8
4.29375000000022e-07,1.8
4.295000000000221e-07,1.8
4.296250000000221e-07,1.8
4.297500000000221e-07,1.8
4.29875000000022e-07,1.8
4.3e-07,1.8
4.301250000000221e-07,1.8
4.302500000000221e-07,1.8
4.303750000000221e-07,1.8
4.305000000000221e-07,1.8
4.306250000000221e-07,1.8
4.307500000000221e-07,1.8
4.308750000000222e-07,1.8
4.310000000000222e-07,1.8
4.311250000000222e-07,1.8
4.312500000000222e-07,1.8
4.313750000000222e-07,1.8
4.315000000000222e-07,1.8
4.316250000000222e-07,1.8
4.317500000000222e-07,1.8
4.318750000000222e-07,1.8
4.32e-07,1.8
4.321250000000222e-07,1.8
4.322500000000223e-07,1.8
4.323750000000223e-07,1.8
4.325000000000223e-07,1.8
4.326250000000223e-07,1.8
4.327500000000223e-07,1.8
4.328750000000223e-07,1.8
4.330000000000223e-07,1.8
4.331250000000223e-07,1.8
4.332500000000223e-07,1.8
4.333750000000223e-07,1.8
4.335000000000224e-07,1.8
4.336250000000224e-07,1.8
4.337500000000224e-07,1.8
4.338750000000223e-07,1.8
4.34e-07,1.8
4.341250000000224e-07,1.8
4.342500000000224e-07,1.8
4.343750000000224e-07,1.8
4.345000000000224e-07,1.8
4.346250000000224e-07,1.8
4.347500000000224e-07,1.8
4.348750000000225e-07,1.8
4.350000000000225e-07,1.8
4.351250000000225e-07,1.8
4.352500000000225e-07,1.8
4.353750000000225e-07,1.8
4.355000000000225e-07,1.8
4.356250000000225e-07,1.8
4.357500000000225e-07,1.8
4.358750000000225e-07,1.8
4.36e-07,1.8
4.361250000000225e-07,1.8
4.362500000000226e-07,1.8
4.363750000000226e-07,1.8
4.365000000000226e-07,1.8
4.366250000000226e-07,1.8
4.367500000000226e-07,1.8
4.368750000000226e-07,1.8
4.370000000000226e-07,1.8
4.371250000000226e-07,1.8
4.372500000000226e-07,1.8
4.373750000000226e-07,1.8
4.375000000000227e-07,1.8
4.376250000000227e-07,1.8
4.377500000000227e-07,1.8
4.378750000000226e-07,1.8
4.38e-07,1.8
4.381250000000227e-07,0
4.382500000000227e-07,0
4.383750000000227e-07,0
4.385000000000227e-07,0
4.386250000000227e-07,0
4.387500000000227e-07,0
4.388750000000228e-07,0
4.390000000000228e-07,0
4.391250000000228e-07,0
4.392500000000228e-07,0
4.393750000000228e-07,0
4.395000000000228e-07,0
4.396250000000228e-07,0
4.397500000000228e-07,0
4.398750000000228e-07,0
4.4e-07,0
4.401250000000228e-07,0
4.402500000000229e-07,0
4.403750000000229e-07,0
4.405000000000229e-07,0
4.406250000000229e-07,0
4.407500000000229e-07,0
4.408750000000229e-07,0
4.410000000000229e-07,0
4.411250000000229e-07,0
4.412500000000229e-07,0
4.413750000000229e-07,0
4.41500000000023e-07,0
4.41625000000023e-07,0
4.41750000000023e-07,0
4.418750000000229e-07,0
4.42e-07,0
4.42125000000023e-07,1.8
4.42250000000023e-07,1.8
4.42375000000023e-07,1.8
4.42500000000023e-07,1.8
4.42625000000023e-07,1.8
4.42750000000023e-07,1.8
4.428750000000231e-07,1.8
4.430000000000231e-07,1.8
4.431250000000231e-07,1.8
4.432500000000231e-07,1.8
4.433750000000231e-07,1.8
4.435000000000231e-07,1.8
4.436250000000231e-07,1.8
4.437500000000231e-07,1.8
4.438750000000231e-07,1.8
4.44e-07,1.8
4.441250000000231e-07,1.8
4.442500000000232e-07,1.8
4.443750000000232e-07,1.8
4.445000000000232e-07,1.8
4.446250000000232e-07,1.8
4.447500000000232e-07,1.8
4.448750000000232e-07,1.8
4.450000000000232e-07,1.8
4.451250000000232e-07,1.8
4.452500000000232e-07,1.8
4.453750000000232e-07,1.8
4.455000000000233e-07,1.8
4.456250000000233e-07,1.8
4.457500000000233e-07,1.8
4.458750000000232e-07,1.8
4.46e-07,1.8
4.461250000000233e-07,0
4.462500000000233e-07,0
4.463750000000233e-07,0
4.465000000000233e-07,0
4.466250000000233e-07,0
4.467500000000233e-07,0
4.468750000000234e-07,0
4.470000000000234e-07,0
4.471250000000234e-07,0
4.472500000000234e-07,0
4.473750000000234e-07,0
4.475000000000234e-07,0
4.476250000000234e-07,0
4.477500000000234e-07,0
4.478750000000234e-07,0
4.48e-07,0
4.481250000000234e-07,0
4.482500000000235e-07,0
4.483750000000235e-07,0
4.485000000000235e-07,0
4.486250000000235e-07,0
4.487500000000235e-07,0
4.488750000000235e-07,0
4.490000000000235e-07,0
4.491250000000235e-07,0
4.492500000000235e-07,0
4.493750000000235e-07,0
4.495000000000236e-07,0
4.496250000000236e-07,0
4.497500000000236e-07,0
4.498750000000235e-07,0
4.5e-07,0
4.501250000000236e-07,1.8
4.502500000000236e-07,1.8
4.503750000000236e-07,1.8
4.505000000000236e-07,1.8
4.506250000000236e-07,1.8
4.507500000000236e-07,1.8
4.508750000000237e-07,1.8
4.510000000000237e-07,1.8
4.511250000000237e-07,1.8
4.512500000000237e-07,1.8
4.513750000000237e-07,1.8
4.515000000000237e-07,1.8
4.516250000000237e-07,1.8
4.517500000000237e-07,1.8
4.518750000000237e-07,1.8
4.52e-07,1.8
4.521250000000238e-07,1.8
4.522500000000238e-07,1.8
4.523750000000238e-07,1.8
4.525000000000238e-07,1.8
4.526250000000238e-07,1.8
4.527500000000238e-07,1.8
4.528750000000238e-07,1.8
4.530000000000238e-07,1.8
4.531250000000238e-07,1.8
4.532500000000238e-07,1.8
4.533750000000238e-07,1.8
4.535000000000239e-07,1.8
4.536250000000239e-07,1.8
4.537500000000239e-07,1.8
4.538750000000238e-07,1.8
4.54e-07,1.8
4.541250000000239e-07,0
4.542500000000239e-07,0
4.543750000000239e-07,0
4.545000000000239e-07,0
4.546250000000239e-07,0
4.547500000000239e-07,0
4.54875000000024e-07,0
4.55000000000024e-07,0
4.55125000000024e-07,0
4.55250000000024e-07,0
4.55375000000024e-07,0
4.55500000000024e-07,0
4.55625000000024e-07,0
4.557500000000241e-07,0
4.55875000000024e-07,0
4.56e-07,0
4.561250000000241e-07,0
4.562500000000241e-07,0
4.563750000000241e-07,0
4.565000000000241e-07,0
4.566250000000241e-07,0
4.567500000000241e-07,0
4.568750000000241e-07,0
4.570000000000241e-07,0
4.571250000000241e-07,0
4.572500000000241e-07,0
4.573750000000241e-07,0
4.575000000000242e-07,0
4.576250000000242e-07,0
4.577500000000242e-07,0
4.578750000000241e-07,0
4.58e-07,0
4.581250000000242e-07,1.8
4.582500000000242e-07,1.8
4.583750000000242e-07,1.8
4.585000000000242e-07,1.8
4.586250000000242e-07,1.8
4.587500000000242e-07,1.8
4.588750000000243e-07,1.8
4.590000000000243e-07,1.8
4.591250000000243e-07,1.8
4.592500000000243e-07,1.8
4.593750000000243e-07,1.8
4.595000000000243e-07,1.8
4.596250000000243e-07,1.8
4.597500000000243e-07,1.8
4.598750000000243e-07,1.8
4.6e-07,1.8
4.601250000000244e-07,1.8
4.602500000000244e-07,1.8
4.603750000000244e-07,1.8
4.605000000000244e-07,1.8
4.606250000000244e-07,1.8
4.607500000000244e-07,1.8
4.608750000000244e-07,1.8
4.610000000000244e-07,1.8
4.611250000000244e-07,1.8
4.612500000000244e-07,1.8
4.613750000000244e-07,1.8
4.615000000000245e-07,1.8
4.616250000000245e-07,1.8
4.617500000000245e-07,1.8
4.618750000000244e-07,1.8
4.62e-07,1.8
4.621250000000245e-07,1.8
4.622500000000245e-07,1.8
4.623750000000245e-07,1.8
4.625000000000245e-07,1.8
4.626250000000245e-07,1.8
4.627500000000245e-07,1.8
4.628750000000246e-07,1.8
4.630000000000246e-07,1.8
4.631250000000246e-07,1.8
4.632500000000246e-07,1.8
4.633750000000246e-07,1.8
4.635000000000246e-07,1.8
4.636250000000246e-07,1.8
4.637500000000246e-07,1.8
4.638750000000246e-07,1.8
4.64e-07,1.8
4.641250000000247e-07,1.8
4.642500000000247e-07,1.8
4.643750000000247e-07,1.8
4.645000000000247e-07,1.8
4.646250000000247e-07,1.8
4.647500000000247e-07,1.8
4.648750000000247e-07,1.8
4.650000000000247e-07,1.8
4.651250000000247e-07,1.8
4.652500000000247e-07,1.8
4.653750000000247e-07,1.8
4.655000000000248e-07,1.8
4.656250000000248e-07,1.8
4.657500000000248e-07,1.8
4.658750000000247e-07,1.8
4.66e-07,1.8
4.661250000000248e-07,0
4.662500000000248e-07,0
4.663750000000248e-07,0
4.665000000000248e-07,0
4.666250000000248e-07,0
4.667500000000248e-07,0
4.668750000000249e-07,0
4.670000000000249e-07,0
4.671250000000249e-07,0
4.672500000000249e-07,0
4.673750000000249e-07,0
4.675000000000249e-07,0
4.676250000000249e-07,0
4.67750000000025e-07,0
4.678750000000249e-07,0
4.68e-07,0
4.68125000000025e-07,0
4.68250000000025e-07,0
4.68375000000025e-07,0
4.68500000000025e-07,0
4.68625000000025e-07,0
4.68750000000025e-07,0
4.68875000000025e-07,0
4.69000000000025e-07,0
4.69125000000025e-07,0
4.69250000000025e-07,0
4.69375000000025e-07,0
4.695000000000251e-07,0
4.696250000000251e-07,0
4.697500000000251e-07,0
4.69875000000025e-07,0
4.7e-07,0
4.701250000000251e-07,0
4.702500000000251e-07,0
4.703750000000251e-07,0
4.705000000000251e-07,0
4.706250000000251e-07,0
4.707500000000251e-07,0
4.708750000000252e-07,0
4.710000000000252e-07,0
4.711250000000252e-07,0
4.712500000000252e-07,0
4.713750000000252e-07,0
4.715000000000252e-07,0
4.716250000000252e-07,0
4.717500000000252e-07,0
4.718750000000252e-07,0
4.72e-07,0
4.721250000000253e-07,0
4.722500000000253e-07,0
4.723750000000253e-07,0
4.725000000000253e-07,0
4.726250000000253e-07,0
4.727500000000253e-07,0
4.728750000000253e-07,0
4.730000000000253e-07,0
4.731250000000253e-07,0
4.732500000000253e-07,0
4.733750000000253e-07,0
4.735000000000254e-07,0
4.736250000000254e-07,0
4.737500000000254e-07,0
4.738750000000253e-07,0
4.74e-07,0
4.741250000000254e-07,0
4.742500000000254e-07,0
4.743750000000254e-07,0
4.745000000000254e-07,0
4.746250000000254e-07,0
4.747500000000255e-07,0
4.748750000000255e-07,0
4.750000000000255e-07,0
4.751250000000255e-07,0
4.752500000000255e-07,0
4.753750000000255e-07,0
4.755000000000255e-07,0
4.756250000000255e-07,0
4.757500000000255e-07,0
4.758750000000255e-07,0
4.76e-07,0
4.761250000000256e-07,0
4.762500000000256e-07,0
4.763750000000256e-07,0
4.765000000000256e-07,0
4.766250000000256e-07,0
4.767500000000256e-07,0
4.768750000000256e-07,0
4.770000000000256e-07,0
4.771250000000255e-07,0
4.772500000000255e-07,0
4.773750000000254e-07,0
4.775000000000254e-07,0
4.776250000000253e-07,0
4.777500000000253e-07,0
4.778750000000254e-07,0
4.78e-07,0
4.781250000000252e-07,0
4.782500000000251e-07,0
4.783750000000251e-07,0
4.78500000000025e-07,0
4.78625000000025e-07,0
4.78750000000025e-07,0
4.788750000000249e-07,0
4.790000000000249e-07,0
4.791250000000248e-07,0
4.792500000000248e-07,0
4.793750000000247e-07,0
4.795000000000247e-07,0
4.796250000000247e-07,0
4.797500000000246e-07,0
4.798750000000247e-07,0
4.800000000000001e-07,0
4.801250000000245e-07,0
4.802500000000244e-07,0
4.803750000000244e-07,0
4.805000000000243e-07,0
4.806250000000243e-07,0
4.807500000000243e-07,0
4.808750000000242e-07,0
4.810000000000242e-07,0
4.811250000000241e-07,0
4.812500000000241e-07,0
4.81375000000024e-07,0
4.81500000000024e-07,0
4.81625000000024e-07,0
4.817500000000239e-07,0
4.81875000000024e-07,0
4.820000000000001e-07,0
4.821250000000238e-07,1.8
4.822500000000237e-07,1.8
4.823750000000237e-07,1.8
4.825000000000237e-07,1.8
4.826250000000236e-07,1.8
4.827500000000236e-07,1.8
4.828750000000235e-07,1.8
4.830000000000235e-07,1.8
4.831250000000234e-07,1.8
4.832500000000234e-07,1.8
4.833750000000233e-07,1.8
4.835000000000233e-07,1.8
4.836250000000233e-07,1.8
4.837500000000232e-07,1.8
4.838750000000233e-07,1.8
4.84e-07,1.8
4.841250000000231e-07,1.8
4.84250000000023e-07,1.8
4.84375000000023e-07,1.8
4.84500000000023e-07,1.8
4.846250000000229e-07,1.8
4.847500000000229e-07,1.8
4.848750000000228e-07,1.8
4.850000000000228e-07,1.8
4.851250000000227e-07,1.8
4.852500000000227e-07,1.8
4.853750000000226e-07,1.8
4.855000000000226e-07,1.8
4.856250000000226e-07,1.8
4.857500000000225e-07,1.8
4.858750000000226e-07,1.8
4.860000000000001e-07,1.8
4.861250000000224e-07,0
4.862500000000223e-07,0
4.863750000000223e-07,0
4.865000000000223e-07,0
4.866250000000222e-07,0
4.867500000000222e-07,0
4.868750000000221e-07,0
4.870000000000221e-07,0
4.87125000000022e-07,0
4.87250000000022e-07,0
4.87375000000022e-07,0
4.875000000000219e-07,0
4.876250000000219e-07,0
4.877500000000218e-07,0
4.878750000000219e-07,0
4.88e-07,0
4.881250000000217e-07,0
4.882500000000216e-07,0
4.883750000000216e-07,0
4.885000000000216e-07,0
4.886250000000215e-07,0
4.887500000000215e-07,0
4.888750000000214e-07,0
4.890000000000214e-07,0
4.891250000000213e-07,0
4.892500000000213e-07,0
4.893750000000213e-07,0
4.895000000000212e-07,0
4.896250000000212e-07,0
4.897500000000211e-07,0
4.898750000000212e-07,0
4.900000000000001e-07,0
4.90125000000021e-07,0
4.90250000000021e-07,0
4.903750000000209e-07,0
4.905000000000209e-07,0
4.906250000000208e-07,0
4.907500000000208e-07,0
4.908750000000207e-07,0
4.910000000000207e-07,0
4.911250000000206e-07,0
4.912500000000206e-07,0
4.913750000000206e-07,0
4.915000000000205e-07,0
4.916250000000205e-07,0
4.917500000000204e-07,0
4.918750000000205e-07,0
4.92e-07,0
4.921250000000203e-07,0
4.922500000000203e-07,0
4.923750000000202e-07,0
4.925000000000202e-07,0
4.926250000000201e-07,0
4.927500000000201e-07,0
4.9287500000002e-07,0
4.9300000000002e-07,0
4.931250000000199e-07,0
4.932500000000199e-07,0
4.933750000000199e-07,0
4.935000000000198e-07,0
4.936250000000198e-07,0
4.937500000000197e-07,0
4.938750000000198e-07,0
4.940000000000001e-07,0
4.941250000000196e-07,0
4.942500000000196e-07,0
4.943750000000195e-07,0
4.945000000000195e-07,0
4.946250000000194e-07,0
4.947500000000194e-07,0
4.948750000000193e-07,0
4.950000000000193e-07,0
4.951250000000193e-07,0
4.952500000000192e-07,0
4.953750000000192e-07,0
4.955000000000191e-07,0
4.956250000000191e-07,0
4.95750000000019e-07,0
4.958750000000191e-07,0
4.96e-07,0
4.961250000000189e-07,0
4.962500000000189e-07,0
4.963750000000188e-07,0
4.965000000000188e-07,0
4.966250000000187e-07,0
4.967500000000187e-07,0
4.968750000000186e-07,0
4.970000000000186e-07,0
4.971250000000186e-07,0
4.972500000000185e-07,0
4.973750000000185e-07,0
4.975000000000184e-07,0
4.976250000000184e-07,0
4.977500000000183e-07,0
4.978750000000184e-07,0
4.98e-07,0
4.981250000000182e-07,0
4.982500000000182e-07,0
4.983750000000181e-07,0
4.985000000000181e-07,0
4.98625000000018e-07,0
4.98750000000018e-07,0
4.988750000000179e-07,0
4.990000000000179e-07,0
4.991250000000179e-07,0
4.992500000000178e-07,0
4.993750000000178e-07,0
4.995000000000177e-07,0
4.996250000000177e-07,0
4.997500000000176e-07,0
4.998750000000177e-07,0
5e-07,0
